Ethnicity,Dataset,N,C1,C2,C3,C4,C5,C6,C7,C8,C9,C10,C11,C12,C13,C14,C15,C16
,,,S Indian,Baloch,Caucasian,NE Euro,SE Asian,Siberian,NE Asian,Papuan,American,Beringian,Mediterranean,SW Asian,San,E African,Pygmy,W African
!kung,xing,13,0%,0%,0%,0%,0%,0%,0%,0%,0%,0%,0%,0%,74%,2%,4%,20%
abhkasian,yunusbayev,20,0%,18%,69%,8%,0%,1%,0%,0%,0%,1%,1%,1%,0%,0%,0%,0%
adygei,hgdp,17,1%,18%,57%,16%,1%,3%,1%,0%,1%,1%,2%,0%,0%,0%,0%,0%
afar,pagani,12,0%,0%,8%,0%,0%,0%,0%,0%,0%,0%,4%,32%,0%,53%,0%,0%
african-american,1000genomes,60,0%,2%,1%,9%,0%,0%,0%,0%,1%,0%,6%,0%,1%,2%,3%,73%
african-caribbean,1000genomes,75,0%,1%,1%,4%,0%,0%,0%,0%,0%,0%,3%,0%,1%,1%,2%,86%
algeria,henn2012,19,0%,2%,3%,1%,0%,0%,0%,0%,0%,1%,39%,30%,0%,10%,0%,12%
altaian,rasmussen,13,1%,9%,3%,11%,0%,40%,28%,0%,2%,3%,1%,0%,0%,0%,0%,0%
alur,xing,10,0%,0%,0%,0%,0%,0%,0%,0%,0%,0%,0%,0%,1%,38%,18%,43%
amhara,pagani,25,0%,0%,10%,0%,0%,0%,0%,0%,0%,0%,4%,33%,0%,51%,0%,0%
andhra-pradesh,harappa,6,54%,32%,4%,2%,1%,1%,1%,1%,1%,1%,1%,2%,0%,0%,0%,0%
anuak,pagani,23,0%,0%,0%,0%,0%,0%,0%,0%,0%,0%,0%,0%,0%,86%,2%,13%
aonaga,reich,4,5%,0%,0%,0%,2%,7%,84%,1%,0%,0%,0%,0%,0%,0%,0%,0%
ap-brahmin,xing,25,49%,36%,3%,6%,1%,1%,1%,1%,1%,0%,1%,1%,0%,0%,0%,0%
ap-hyderabad,harappa,2,52%,32%,7%,2%,1%,1%,1%,0%,1%,0%,1%,1%,0%,0%,0%,0%
ap-madiga,xing,10,69%,23%,0%,0%,1%,1%,2%,1%,0%,1%,0%,1%,0%,0%,0%,0%
ap-mala,xing,11,72%,20%,0%,0%,3%,1%,1%,1%,0%,1%,1%,0%,0%,0%,0%,0%
ap-reddy,harappa,6,54%,36%,3%,0%,1%,1%,2%,1%,0%,0%,0%,2%,0%,0%,0%,0%
ariblacksmith,pagani,11,0%,0%,0%,0%,0%,0%,0%,0%,0%,0%,0%,16%,5%,78%,0%,0%
aricultivator,pagani,22,0%,0%,0%,0%,0%,0%,0%,0%,0%,0%,0%,17%,6%,75%,0%,0%
armenian,behar,19,0%,17%,57%,5%,0%,0%,0%,0%,0%,0%,8%,10%,0%,0%,0%,0%
armenian,harappa,2,2%,18%,46%,3%,0%,1%,1%,2%,0%,1%,10%,15%,1%,0%,0%,0%
armenian,yunusbayev,16,1%,18%,57%,3%,0%,0%,0%,0%,0%,0%,8%,13%,0%,0%,0%,0%
ashkenazi,harappa,4,1%,5%,34%,19%,0%,0%,1%,0%,0%,0%,24%,14%,0%,0%,0%,0%
ashkenazy-jew,behar,21,1%,7%,34%,16%,0%,1%,0%,0%,0%,0%,24%,15%,0%,1%,0%,0%
assyrian,harappa,6,0%,19%,52%,1%,0%,0%,0%,0%,0%,0%,8%,18%,0%,0%,0%,0%
asur,chaubey,2,72%,6%,0%,0%,17%,1%,0%,2%,0%,1%,1%,0%,0%,0%,0%,0%
aus,reich,3,11%,0%,1%,4%,6%,0%,3%,73%,0%,1%,2%,0%,0%,0%,0%,0%
azerbaijan-jew,behar,8,1%,17%,54%,1%,0%,0%,0%,0%,0%,0%,8%,17%,0%,0%,0%,0%
azeri,harappa,3,3%,19%,43%,7%,0%,4%,3%,1%,1%,1%,7%,10%,0%,0%,0%,0%
balkar,yunusbayev,19,0%,17%,55%,16%,0%,4%,3%,0%,1%,1%,2%,0%,0%,0%,0%,0%
baloch,harappa,1,22%,40%,18%,7%,0%,2%,0%,1%,1%,1%,0%,5%,1%,0%,1%,0%
balochi,hgdp,24,14%,54%,14%,3%,1%,0%,0%,0%,0%,1%,2%,9%,0%,1%,0%,1%
bambaran,xing,25,0%,0%,0%,0%,0%,0%,0%,0%,0%,0%,0%,0%,0%,1%,1%,96%
bamoun,henn2012,18,0%,0%,0%,0%,0%,0%,0%,0%,0%,0%,0%,0%,1%,4%,6%,88%
bantukenya,hgdp,10,0%,0%,0%,0%,0%,0%,0%,0%,0%,0%,0%,1%,1%,28%,8%,62%
bantusouthafrica,hgdp,8,0%,0%,0%,0%,0%,0%,0%,0%,0%,0%,0%,0%,17%,6%,6%,72%
basque,hgdp,24,0%,8%,1%,33%,0%,0%,0%,0%,0%,0%,58%,0%,0%,0%,0%,0%
bedouin,hgdp,46,0%,5%,21%,2%,0%,0%,0%,0%,0%,0%,7%,56%,0%,5%,0%,3%
belorussian,behar,9,1%,5%,10%,64%,1%,1%,0%,0%,0%,0%,16%,1%,0%,0%,0%,0%
bene-israel-jew,behar,4,35%,26%,21%,1%,0%,0%,0%,1%,0%,1%,5%,8%,0%,0%,0%,0%
bengali,harappa,11,47%,27%,2%,4%,7%,2%,6%,1%,1%,1%,1%,1%,0%,0%,0%,0%
bengali,metspalu,1,51%,33%,3%,4%,5%,2%,0%,1%,1%,0%,0%,0%,0%,0%,0%,0%
bengali-brahmin,harappa,8,41%,33%,5%,10%,2%,1%,2%,1%,1%,1%,2%,0%,0%,0%,0%,0%
bhatia,harappa,2,25%,46%,12%,11%,0%,1%,1%,0%,2%,0%,0%,2%,0%,0%,0%,0%
bhil,reich,7,67%,24%,0%,2%,1%,1%,1%,1%,0%,1%,1%,1%,0%,0%,0%,0%
bhunjia,metspalu,1,73%,0%,0%,1%,20%,2%,0%,2%,1%,1%,0%,0%,0%,0%,0%,0%
biakapygmy,hgdp,23,0%,0%,0%,0%,0%,0%,0%,0%,0%,0%,0%,0%,6%,0%,58%,35%
bihari,harappa,3,49%,32%,4%,5%,2%,1%,1%,1%,1%,1%,1%,0%,0%,0%,0%,0%
bihari-brahmin,harappa,1,39%,38%,5%,11%,0%,0%,2%,1%,1%,0%,3%,0%,0%,0%,0%,0%
bihari-muslim,harappa,6,43%,33%,6%,8%,2%,2%,2%,1%,1%,1%,2%,1%,0%,0%,0%,0%
bolivian,xing,22,0%,1%,1%,2%,0%,0%,0%,0%,90%,0%,4%,1%,0%,0%,0%,0%
bonda,chaubey,4,63%,0%,0%,0%,32%,2%,0%,2%,0%,0%,0%,0%,0%,0%,0%,0%
brahmin-tamil-nadu,metspalu,2,47%,38%,6%,5%,0%,0%,2%,0%,0%,1%,1%,1%,0%,0%,0%,0%
brahmin-uttar-pradesh,metspalu,8,42%,36%,5%,12%,1%,1%,0%,0%,1%,1%,2%,0%,0%,0%,0%,0%
brahmin-uttaranchal,metspalu,1,33%,26%,5%,5%,0%,5%,24%,0%,1%,0%,0%,0%,0%,0%,0%,0%
brahui,hgdp,25,12%,58%,12%,2%,1%,0%,0%,1%,0%,0%,2%,10%,0%,1%,0%,1%
british,1000genomes,99,0%,11%,4%,51%,0%,0%,0%,0%,0%,0%,34%,0%,0%,0%,0%,0%
brong,henn2012,8,0%,0%,0%,0%,0%,0%,0%,0%,0%,0%,0%,0%,1%,0%,1%,96%
bulala,henn2012,15,0%,0%,0%,0%,0%,0%,0%,0%,0%,0%,0%,0%,0%,55%,1%,43%
bulgarian,yunusbayev,13,0%,5%,28%,36%,0%,1%,0%,0%,0%,1%,23%,5%,0%,0%,0%,0%
burmanese,chaubey,15,17%,3%,1%,0%,28%,6%,42%,1%,0%,0%,0%,0%,0%,0%,0%,0%
burusho,hgdp,25,23%,41%,12%,10%,1%,3%,8%,1%,1%,1%,0%,0%,0%,0%,0%,0%
buryat,rasmussen,18,1%,3%,3%,2%,0%,51%,35%,1%,1%,2%,1%,0%,0%,0%,0%,0%
buryat,xing,25,1%,3%,3%,2%,1%,48%,37%,0%,1%,1%,1%,0%,0%,0%,0%,0%
cambodian,hgdp,10,11%,1%,1%,1%,71%,3%,10%,2%,0%,0%,0%,0%,0%,0%,0%,0%
caribbean-indian,harappa,3,51%,30%,4%,5%,2%,0%,2%,1%,1%,1%,2%,0%,0%,0%,0%,1%
chamar,metspalu,10,66%,26%,0%,2%,1%,1%,1%,1%,1%,1%,1%,0%,0%,0%,0%,0%
chechen,yunusbayev,20,0%,22%,51%,20%,0%,2%,1%,0%,1%,1%,1%,1%,0%,0%,0%,0%
chenchu,metspalu,4,63%,25%,2%,0%,1%,1%,4%,1%,0%,0%,1%,0%,0%,0%,0%,0%
chenchu,reich,5,69%,15%,3%,4%,4%,1%,2%,0%,1%,0%,0%,0%,0%,0%,0%,0%
chinese,xing,5,0%,0%,0%,0%,34%,1%,65%,0%,0%,0%,0%,0%,0%,0%,0%,0%
chinese-american,hapmap,106,0%,0%,0%,0%,30%,1%,68%,0%,0%,0%,0%,0%,0%,0%,0%,0%
chinese-beijing,1000genomes,8,0%,0%,0%,0%,19%,4%,76%,0%,0%,0%,0%,0%,0%,0%,0%,0%
chinese-beijing,hapmap,137,0%,0%,0%,0%,19%,3%,76%,0%,0%,0%,0%,0%,0%,0%,0%,0%
chukchi,rasmussen,15,0%,0%,1%,5%,0%,12%,0%,0%,1%,80%,1%,0%,0%,0%,0%,0%
chuvash,behar,17,1%,9%,7%,50%,1%,17%,2%,0%,1%,3%,7%,2%,0%,0%,0%,0%
cochin-jew,behar,4,44%,31%,10%,1%,2%,0%,1%,1%,0%,0%,3%,5%,0%,0%,0%,0%
colombian,1000genomes,72,0%,5%,6%,17%,0%,0%,0%,0%,26%,0%,33%,4%,0%,1%,0%,6%
colombian,bryc,26,0%,4%,5%,15%,0%,0%,0%,0%,33%,0%,28%,4%,0%,1%,0%,8%
colombian,hgdp,7,0%,0%,0%,0%,0%,0%,0%,0%,100%,0%,0%,0%,0%,0%,0%,0%
cypriot,behar,12,0%,7%,49%,6%,0%,0%,0%,0%,0%,0%,19%,17%,0%,0%,0%,0%
dai,hgdp,10,0%,0%,0%,0%,71%,0%,28%,0%,0%,0%,0%,0%,0%,0%,0%,0%
dai-chinese,1000genomes,91,0%,0%,0%,0%,69%,0%,30%,0%,0%,0%,0%,0%,0%,0%,0%,0%
daur,hgdp,9,0%,0%,1%,0%,3%,32%,60%,0%,0%,2%,0%,0%,0%,0%,0%,0%
dharkar,metspalu,11,53%,34%,1%,5%,1%,1%,1%,0%,0%,1%,2%,1%,0%,0%,0%,0%
dhurwa,metspalu,1,73%,0%,0%,0%,20%,1%,0%,4%,1%,1%,0%,0%,0%,0%,0%,0%
dogon,xing,24,0%,0%,0%,0%,0%,0%,0%,0%,0%,0%,0%,1%,0%,1%,0%,98%
dolgan,rasmussen,7,1%,2%,2%,10%,1%,69%,10%,0%,0%,1%,2%,1%,0%,0%,0%,0%
dominican,bryc,27,0%,3%,6%,15%,0%,0%,0%,0%,7%,0%,22%,5%,0%,2%,2%,37%
druze,hgdp,42,2%,5%,58%,2%,0%,0%,0%,0%,0%,0%,9%,21%,0%,1%,0%,0%
dusadh,metspalu,6,60%,31%,1%,2%,2%,0%,1%,1%,0%,1%,1%,0%,0%,0%,0%,0%
east-greenlander,rasmussen,8,0%,1%,1%,9%,0%,0%,0%,0%,9%,77%,4%,0%,0%,0%,0%,0%
ecuadorian,bryc,19,1%,3%,5%,11%,1%,0%,1%,0%,50%,0%,19%,3%,0%,1%,0%,5%
egypt,henn2012,19,1%,3%,28%,1%,0%,0%,0%,0%,0%,0%,17%,33%,0%,11%,1%,5%
egyptian,behar,12,0%,3%,30%,0%,0%,0%,0%,0%,0%,0%,13%,33%,0%,12%,0%,6%
esomali,pagani,17,0%,0%,3%,0%,0%,0%,0%,0%,0%,0%,4%,28%,0%,63%,0%,0%
ethiopian,behar,19,0%,0%,6%,0%,0%,0%,0%,0%,0%,0%,4%,35%,3%,51%,1%,0%
ethiopian-jew,behar,12,0%,0%,6%,0%,0%,0%,0%,0%,0%,0%,4%,35%,3%,50%,0%,0%
evenki,rasmussen,14,0%,1%,1%,1%,1%,80%,13%,0%,0%,1%,1%,0%,0%,0%,0%,0%
fang,henn2012,15,0%,0%,0%,0%,0%,0%,0%,0%,0%,0%,0%,0%,2%,5%,10%,82%
fiji-indian,harappa,1,43%,30%,3%,8%,2%,0%,4%,1%,1%,1%,5%,1%,1%,0%,0%,0%
finnish,1000genomes,100,1%,1%,2%,80%,0%,6%,0%,0%,0%,1%,5%,5%,0%,0%,0%,0%
french,hgdp,28,0%,9%,10%,42%,0%,0%,0%,0%,0%,0%,36%,2%,0%,0%,0%,0%
fulani,henn2012,12,0%,0%,0%,0%,0%,0%,0%,0%,0%,1%,19%,10%,0%,10%,0%,59%
gadaba,chaubey,1,65%,0%,0%,0%,30%,1%,0%,4%,0%,0%,0%,0%,0%,0%,0%,0%
garo,chaubey,4,20%,0%,0%,0%,26%,6%,45%,1%,0%,0%,0%,0%,0%,0%,0%,0%
georgia-jew,behar,4,0%,16%,52%,2%,1%,0%,0%,0%,0%,0%,8%,19%,0%,0%,0%,0%
georgian,behar,20,0%,17%,72%,6%,0%,0%,0%,0%,0%,0%,1%,1%,0%,0%,0%,0%
georgian,harappa,4,0%,20%,62%,6%,0%,0%,1%,1%,0%,1%,2%,6%,0%,0%,0%,0%
goan,harappa,1,48%,39%,6%,4%,0%,0%,1%,1%,0%,1%,1%,0%,0%,0%,0%,0%
gond,metspalu,4,66%,17%,1%,2%,9%,1%,0%,2%,0%,1%,0%,0%,0%,0%,0%,0%
great-andamanese,reich,4,48%,4%,2%,3%,16%,4%,9%,8%,1%,2%,1%,1%,0%,1%,0%,0%
gujarati,harappa,4,46%,37%,4%,5%,0%,0%,1%,1%,1%,1%,1%,1%,0%,0%,0%,0%
gujarati-a,1000genomes,5,53%,41%,1%,1%,0%,0%,0%,0%,0%,0%,1%,1%,0%,0%,0%,0%
gujarati-a,hapmap,63,54%,42%,0%,1%,0%,0%,0%,0%,0%,0%,1%,0%,0%,0%,0%,0%
gujarati-b,hapmap,34,44%,39%,5%,7%,0%,0%,0%,0%,1%,0%,1%,1%,0%,0%,0%,0%
gujarati-muslim,harappa,3,33%,36%,13%,5%,1%,0%,1%,1%,1%,1%,2%,4%,0%,1%,0%,0%
gujarati-patel,harappa,2,55%,41%,0%,0%,0%,0%,1%,1%,0%,0%,2%,0%,0%,0%,0%,0%
gumuz,pagani,18,0%,0%,0%,0%,1%,0%,0%,0%,0%,0%,0%,2%,1%,93%,3%,0%
hadza,henn2011,16,0%,0%,0%,2%,3%,0%,0%,0%,0%,0%,0%,5%,14%,59%,9%,6%
hakkipikki,metspalu,4,70%,21%,2%,0%,1%,0%,1%,1%,0%,1%,0%,1%,0%,0%,0%,0%
hallaki,reich,7,62%,28%,3%,1%,1%,0%,1%,0%,0%,1%,1%,1%,0%,0%,0%,0%
han,hgdp,34,0%,0%,0%,0%,33%,1%,66%,0%,0%,0%,0%,0%,0%,0%,0%,0%
han-chinese-south,1000genomes,92,0%,0%,0%,0%,33%,0%,66%,0%,0%,0%,0%,0%,0%,0%,0%,0%
han-nchina,hgdp,10,1%,1%,1%,1%,12%,6%,78%,0%,0%,0%,0%,0%,0%,0%,0%,0%
haryana-jatt,harappa,6,27%,37%,9%,17%,0%,1%,0%,1%,2%,1%,3%,0%,0%,0%,0%,0%
hausa,henn2012,12,0%,0%,0%,0%,0%,0%,0%,0%,0%,0%,0%,0%,0%,4%,1%,93%
hazara,harappa,1,7%,18%,13%,8%,2%,15%,25%,1%,1%,3%,4%,2%,0%,0%,0%,0%
hazara,hgdp,22,6%,20%,13%,9%,1%,18%,28%,1%,1%,1%,2%,1%,0%,0%,0%,0%
hema,xing,14,0%,0%,1%,1%,0%,0%,0%,0%,0%,0%,0%,8%,3%,42%,6%,38%
hezhen,hgdp,9,0%,0%,0%,0%,4%,31%,60%,0%,0%,3%,0%,0%,0%,0%,0%,0%
ho,chaubey,5,70%,1%,0%,0%,23%,2%,0%,3%,0%,1%,0%,0%,0%,0%,0%,0%
hungarian,behar,19,0%,7%,15%,49%,0%,1%,0%,0%,0%,0%,24%,3%,0%,0%,0%,0%
iban,xing,25,5%,0%,0%,0%,87%,4%,0%,2%,0%,0%,0%,0%,0%,0%,0%,0%
igbo,henn2012,15,0%,0%,0%,0%,0%,0%,0%,0%,0%,0%,0%,0%,1%,0%,2%,95%
iranian,behar,19,4%,27%,39%,4%,0%,1%,1%,0%,0%,0%,5%,15%,0%,1%,0%,1%
iranian,harappa,11,4%,27%,40%,5%,1%,2%,1%,1%,0%,1%,5%,11%,0%,0%,0%,0%
iranian-jew,behar,4,0%,19%,50%,0%,1%,0%,0%,0%,0%,0%,7%,22%,0%,0%,0%,0%
iraq-jew,behar,10,1%,17%,49%,0%,0%,0%,0%,0%,0%,0%,9%,24%,0%,0%,0%,0%
iraqi-arab,harappa,4,4%,19%,38%,2%,0%,1%,1%,1%,0%,1%,8%,22%,0%,2%,1%,1%
iraqi-mandaean,harappa,2,1%,20%,48%,0%,0%,0%,0%,0%,1%,1%,7%,22%,0%,0%,0%,0%
irula,xing,22,83%,1%,13%,0%,0%,1%,0%,0%,1%,1%,0%,0%,0%,0%,0%,0%
italian,hgdp,13,0%,5%,22%,29%,0%,0%,0%,0%,0%,0%,37%,6%,0%,0%,0%,0%
iyengar-brahmin,harappa,8,47%,37%,4%,6%,1%,1%,0%,0%,0%,1%,1%,1%,0%,0%,0%,0%
iyer-brahmin,harappa,11,47%,37%,5%,5%,0%,0%,1%,1%,1%,1%,1%,1%,0%,0%,0%,0%
japanese,1000genomes,7,0%,0%,0%,0%,0%,1%,99%,0%,0%,0%,0%,0%,0%,0%,0%,0%
japanese,hapmap,113,0%,0%,0%,0%,0%,0%,99%,0%,0%,0%,0%,0%,0%,0%,0%,0%
japanese,hgdp,27,1%,0%,0%,0%,11%,11%,74%,1%,0%,1%,0%,0%,0%,0%,0%,0%
japanese,xing,12,2%,0%,0%,0%,0%,1%,95%,0%,0%,0%,0%,0%,0%,0%,0%,0%
jordanian,behar,20,1%,9%,39%,1%,0%,0%,0%,0%,0%,0%,12%,28%,0%,5%,0%,2%
juang,chaubey,2,63%,0%,0%,0%,31%,2%,0%,3%,0%,0%,0%,0%,0%,0%,0%,0%
kaba,henn2012,16,0%,0%,0%,0%,0%,0%,0%,0%,0%,0%,0%,0%,0%,14%,4%,81%
kalash,hgdp,23,22%,43%,18%,11%,0%,2%,0%,1%,1%,2%,0%,0%,0%,0%,0%,0%
kamsali,reich,4,66%,27%,1%,0%,1%,1%,2%,1%,1%,1%,0%,1%,0%,0%,0%,0%
kanjar,metspalu,7,55%,33%,1%,6%,1%,0%,1%,0%,0%,1%,2%,0%,0%,0%,0%,0%
karitiana,hgdp,12,0%,0%,0%,0%,0%,0%,0%,0%,100%,0%,0%,0%,0%,0%,0%,0%
karnataka,harappa,7,53%,34%,4%,1%,2%,1%,0%,1%,1%,1%,1%,1%,0%,0%,0%,0%
karnataka-brahmin,harappa,5,46%,35%,5%,6%,1%,1%,1%,1%,1%,0%,1%,1%,0%,0%,0%,0%
kashmiri,harappa,3,30%,37%,14%,9%,0%,1%,3%,1%,2%,1%,1%,1%,0%,0%,0%,0%
kashmiri-pahari,harappa,3,33%,40%,10%,8%,0%,1%,2%,1%,1%,1%,1%,2%,0%,0%,0%,0%
kashmiri-pandit,reich,5,32%,39%,12%,9%,0%,2%,1%,0%,1%,1%,1%,0%,0%,0%,0%,0%
kazakh,harappa,5,2%,10%,8%,14%,0%,29%,29%,0%,2%,2%,4%,0%,0%,0%,0%,0%
kerala,harappa,1,47%,33%,7%,2%,1%,0%,2%,2%,0%,2%,0%,3%,1%,0%,0%,0%
kerala-brahmin,harappa,1,43%,39%,4%,6%,1%,1%,2%,0%,0%,1%,0%,4%,0%,0%,0%,0%
kerala-christian,harappa,9,48%,34%,7%,2%,1%,1%,1%,1%,1%,1%,0%,3%,0%,0%,0%,0%
kerala-muslim,harappa,2,52%,31%,3%,2%,3%,1%,2%,2%,1%,1%,0%,3%,1%,0%,0%,0%
kerala-nair,harappa,4,48%,37%,4%,3%,0%,0%,2%,1%,1%,0%,1%,2%,0%,0%,0%,0%
ket,rasmussen,2,0%,7%,0%,22%,0%,57%,2%,0%,4%,8%,0%,0%,0%,0%,0%,0%
kharia,chaubey,2,68%,1%,0%,1%,26%,1%,0%,3%,1%,0%,0%,0%,0%,0%,0%,0%
kharia,reich,4,69%,0%,0%,0%,25%,1%,0%,2%,0%,0%,0%,0%,0%,0%,0%,0%
khasi,chaubey,3,30%,5%,2%,2%,29%,5%,23%,2%,1%,1%,0%,0%,0%,0%,0%,0%
khmer-cambodian,xing,3,13%,0%,0%,1%,63%,2%,17%,1%,0%,1%,0%,0%,0%,0%,0%,0%
kinh,1000genomes,96,2%,0%,0%,0%,62%,0%,35%,0%,0%,0%,0%,0%,0%,0%,0%,0%
kol,metspalu,16,61%,30%,1%,3%,1%,0%,1%,1%,0%,1%,1%,0%,0%,0%,0%,0%
kongo,henn2012,9,0%,0%,0%,0%,0%,0%,0%,0%,0%,0%,0%,0%,1%,5%,8%,86%
koryak,rasmussen,13,0%,1%,1%,5%,0%,20%,1%,0%,0%,70%,2%,0%,0%,0%,0%,0%
kumyk,yunusbayev,14,0%,21%,47%,16%,1%,4%,3%,0%,1%,1%,3%,3%,0%,0%,0%,0%
kurd,harappa,12,3%,26%,41%,5%,0%,1%,1%,1%,1%,1%,6%,13%,0%,1%,0%,0%
kurd,xing,24,1%,28%,44%,5%,0%,1%,0%,0%,1%,1%,5%,14%,0%,0%,0%,0%
kurd,yunusbayev,6,2%,27%,45%,6%,0%,0%,1%,0%,0%,0%,6%,13%,0%,0%,0%,0%
kurmi,metspalu,1,53%,37%,3%,3%,1%,0%,2%,0%,1%,0%,0%,0%,0%,0%,0%,0%
kurumba,metspalu,4,61%,31%,3%,0%,1%,1%,0%,1%,0%,1%,0%,1%,0%,0%,0%,0%
kurumba,reich,9,70%,20%,2%,0%,2%,1%,1%,2%,0%,1%,0%,1%,0%,0%,0%,0%
kyrgyz,harappa,1,4%,8%,7%,11%,1%,28%,30%,1%,1%,4%,2%,2%,0%,1%,0%,0%
kyrgyz,hodoglugil,16,2%,8%,8%,11%,1%,30%,34%,0%,2%,2%,3%,0%,0%,0%,0%,0%
kyrgyz,xing,25,2%,9%,8%,11%,1%,30%,32%,1%,1%,2%,1%,2%,0%,0%,0%,0%
lahu,hgdp,8,3%,0%,0%,0%,55%,3%,37%,1%,0%,0%,0%,0%,0%,0%,0%,0%
lambadi,metspalu,1,52%,34%,4%,3%,2%,0%,3%,1%,0%,0%,2%,0%,0%,0%,0%,0%
lebanese,behar,7,1%,11%,41%,3%,1%,1%,1%,0%,0%,0%,13%,23%,0%,3%,0%,1%
lebanese-christian,haber,25,0%,10%,49%,0%,0%,0%,0%,1%,0%,1%,12%,23%,1%,2%,0%,0%
lebanese-druze,haber,25,1%,11%,50%,0%,0%,0%,0%,1%,0%,1%,11%,21%,1%,2%,1%,0%
lebanese-muslim,haber,25,1%,11%,45%,2%,0%,1%,0%,1%,1%,1%,11%,21%,1%,3%,1%,1%
lezgin,behar,18,0%,28%,47%,20%,0%,1%,0%,0%,1%,1%,1%,1%,0%,0%,0%,0%
libya,henn2012,17,0%,1%,11%,1%,0%,0%,0%,0%,0%,0%,27%,39%,0%,11%,0%,8%
lithuanian,behar,10,0%,7%,5%,72%,0%,0%,0%,0%,0%,0%,15%,0%,0%,0%,0%,0%
lodi,reich,5,59%,32%,1%,3%,1%,0%,1%,1%,0%,0%,1%,0%,0%,0%,0%,0%
luhya,1000genomes,8,0%,0%,0%,0%,0%,0%,0%,0%,0%,0%,0%,0%,1%,30%,8%,61%
luhya,hapmap,99,0%,0%,0%,0%,0%,0%,0%,0%,0%,0%,0%,0%,1%,29%,8%,61%
maasai,1000genomes,15,0%,0%,0%,0%,0%,0%,0%,0%,0%,0%,0%,13%,3%,71%,3%,8%
maasai,hapmap,92,0%,0%,0%,0%,0%,0%,0%,0%,0%,0%,0%,13%,3%,68%,3%,11%
mada,henn2012,12,0%,0%,0%,0%,0%,0%,0%,0%,0%,0%,0%,0%,0%,33%,1%,66%
madiga,reich,4,70%,24%,0%,0%,2%,0%,1%,1%,0%,0%,0%,0%,0%,0%,0%,1%
maharashtrian,harappa,6,46%,35%,5%,5%,1%,1%,1%,1%,1%,1%,1%,1%,0%,0%,0%,0%
makrani,hgdp,25,10%,54%,15%,2%,1%,0%,0%,1%,0%,0%,1%,11%,0%,1%,0%,4%
mala,reich,3,73%,21%,1%,0%,2%,1%,0%,1%,0%,0%,0%,0%,0%,0%,0%,0%
malayan,behar,1,79%,8%,1%,0%,3%,2%,1%,3%,1%,1%,0%,1%,0%,0%,0%,0%
malayan,chaubey,1,75%,9%,1%,1%,5%,1%,1%,2%,1%,1%,1%,0%,0%,0%,0%,0%
mandenka,hgdp,22,0%,0%,0%,0%,0%,0%,0%,0%,0%,0%,0%,2%,1%,3%,1%,92%
mawasi,metspalu,1,69%,4%,1%,0%,20%,1%,0%,2%,0%,2%,0%,0%,0%,0%,0%,0%
maya,hgdp,21,0%,1%,0%,2%,0%,1%,0%,0%,90%,1%,3%,1%,0%,0%,0%,1%
mbutipygmy,hgdp,13,0%,0%,0%,0%,0%,0%,0%,0%,0%,0%,0%,0%,0%,0%,100%,0%
meena,metspalu,1,42%,41%,5%,6%,1%,0%,0%,0%,1%,0%,3%,0%,0%,0%,0%,0%
meghawal,metspalu,1,53%,35%,4%,3%,0%,1%,0%,1%,1%,0%,0%,1%,0%,0%,0%,0%
meghawal,reich,5,45%,37%,5%,6%,1%,1%,0%,1%,0%,1%,1%,1%,0%,0%,0%,0%
melanesian,hgdp,10,0%,0%,0%,0%,21%,0%,1%,78%,0%,0%,0%,0%,0%,0%,0%,0%
mexican,1000genomes,64,0%,3%,6%,12%,1%,1%,1%,0%,46%,1%,20%,3%,0%,1%,0%,3%
mexican,hapmap,1,2%,5%,8%,16%,0%,0%,0%,0%,27%,2%,26%,4%,0%,0%,1%,7%
miao,hgdp,10,0%,0%,0%,0%,37%,1%,61%,0%,0%,0%,0%,0%,0%,0%,0%,0%
mongola,hgdp,10,0%,2%,1%,1%,7%,23%,62%,0%,1%,1%,1%,0%,0%,0%,0%,0%
mongolian,rasmussen,9,1%,5%,5%,6%,0%,38%,39%,0%,1%,2%,2%,0%,0%,0%,0%,0%
mordovian,yunusbayev,15,1%,8%,9%,61%,1%,6%,0%,0%,0%,1%,12%,1%,0%,0%,0%,0%
moroccan,behar,10,1%,0%,4%,1%,0%,0%,0%,0%,0%,0%,35%,32%,0%,11%,0%,16%
morocco-jew,behar,15,1%,6%,33%,8%,0%,0%,0%,0%,0%,0%,28%,20%,0%,2%,0%,1%
morocco-n,henn2012,18,1%,1%,2%,1%,0%,0%,0%,1%,0%,0%,46%,28%,0%,10%,0%,8%
morocco-s,henn2012,16,0%,0%,0%,0%,0%,0%,0%,0%,0%,0%,36%,23%,0%,13%,0%,26%
mozabite,hgdp,29,0%,0%,1%,1%,0%,1%,0%,0%,0%,0%,40%,34%,0%,10%,0%,14%
n-european,xing,25,1%,9%,6%,52%,0%,0%,0%,0%,0%,0%,30%,1%,0%,0%,0%,0%
naga,metspalu,4,5%,0%,0%,0%,3%,8%,83%,1%,0%,0%,0%,0%,0%,0%,0%,0%
naidu,reich,4,61%,31%,1%,1%,0%,0%,1%,0%,0%,0%,0%,3%,0%,0%,0%,0%
naxi,hgdp,7,4%,0%,0%,0%,15%,7%,73%,1%,0%,0%,0%,0%,0%,0%,0%,0%
nepalese-a,xing,12,34%,38%,5%,13%,1%,2%,4%,0%,1%,0%,1%,0%,0%,0%,0%,0%
nepalese-b,xing,6,25%,8%,1%,3%,1%,6%,50%,1%,1%,1%,1%,0%,0%,0%,0%,0%
nepalese-c,xing,7,32%,25%,5%,6%,1%,3%,24%,1%,1%,1%,1%,1%,0%,0%,0%,0%
nepali,harappa,3,33%,30%,8%,10%,1%,2%,7%,1%,1%,2%,2%,1%,0%,0%,0%,0%
nganassan,rasmussen,12,0%,1%,1%,3%,0%,89%,1%,0%,0%,4%,1%,0%,0%,0%,0%,0%
nguni,xing,9,0%,0%,0%,0%,0%,0%,0%,0%,0%,0%,0%,0%,18%,9%,4%,70%
nihali,metspalu,2,72%,11%,0%,1%,9%,2%,0%,3%,0%,1%,1%,0%,0%,0%,0%,0%
nogai,yunusbayev,16,1%,14%,37%,19%,1%,11%,10%,0%,1%,1%,4%,1%,0%,0%,0%,0%
north-kannadi,chaubey,8,70%,20%,3%,1%,1%,0%,1%,1%,0%,1%,0%,0%,0%,0%,0%,0%
north-ossetian,harappa,1,0%,19%,45%,14%,1%,5%,3%,1%,1%,1%,4%,3%,1%,0%,1%,0%
north-ossetian,yunusbayev,15,0%,18%,56%,15%,0%,4%,3%,0%,1%,1%,1%,0%,0%,0%,0%,0%
nysha,reich,4,7%,0%,0%,1%,0%,9%,82%,1%,0%,0%,0%,0%,0%,0%,0%,0%
onge,reich,9,51%,0%,0%,1%,19%,2%,10%,11%,1%,0%,0%,0%,0%,2%,0%,0%
orcadian,hgdp,15,0%,12%,1%,53%,0%,0%,0%,0%,0%,0%,33%,0%,0%,0%,0%,0%
oriya-brahmin,harappa,2,45%,35%,2%,8%,2%,1%,1%,1%,1%,1%,3%,0%,0%,0%,0%,0%
oromo,pagani,21,0%,0%,7%,0%,0%,0%,0%,0%,0%,0%,4%,29%,1%,57%,0%,0%
oroqen,hgdp,9,0%,0%,0%,0%,3%,45%,47%,0%,0%,4%,0%,0%,0%,0%,0%,0%
palestinian,harappa,2,1%,15%,40%,2%,0%,1%,0%,0%,0%,0%,10%,25%,0%,3%,0%,1%
palestinian,hgdp,46,1%,7%,39%,1%,0%,0%,0%,0%,0%,0%,12%,31%,0%,5%,0%,2%
paniya,chaubey,3,84%,0%,3%,0%,4%,2%,2%,4%,1%,0%,0%,0%,0%,0%,0%,0%
papuan,hgdp,17,0%,0%,0%,0%,0%,0%,0%,100%,0%,0%,0%,0%,0%,0%,0%,0%
parsi,harappa,1,16%,28%,28%,5%,1%,1%,0%,0%,1%,2%,4%,12%,1%,1%,0%,0%
pashtun,harappa,7,19%,34%,20%,11%,1%,3%,2%,1%,2%,2%,1%,4%,1%,0%,0%,0%
pathan,hgdp,23,23%,42%,16%,11%,1%,2%,1%,0%,1%,1%,1%,2%,0%,0%,0%,0%
pedi,xing,10,0%,0%,1%,0%,0%,0%,0%,0%,0%,0%,1%,0%,17%,7%,4%,71%
peruvian,1000genomes,69,0%,1%,2%,4%,0%,0%,0%,0%,79%,0%,9%,1%,0%,0%,0%,1%
pima,hgdp,13,0%,0%,0%,0%,0%,1%,0%,0%,95%,3%,0%,0%,0%,0%,0%,0%
piramalai-kallar,metspalu,8,63%,30%,2%,0%,1%,0%,1%,1%,0%,0%,0%,1%,0%,0%,0%,0%
puerto-rican,1000genomes,76,0%,5%,7%,20%,0%,0%,0%,0%,14%,0%,35%,5%,0%,1%,0%,10%
puerto-rican,bryc,26,0%,4%,6%,16%,0%,0%,0%,0%,15%,0%,30%,5%,0%,1%,1%,19%
pulliyar,metspalu,5,83%,0%,9%,0%,1%,1%,2%,2%,1%,1%,0%,0%,0%,0%,0%,0%
punjabi,harappa,13,33%,39%,11%,8%,1%,1%,1%,1%,1%,1%,1%,2%,0%,0%,0%,0%
punjabi-arain,xing,25,31%,44%,10%,7%,1%,1%,0%,1%,1%,0%,2%,2%,0%,0%,0%,0%
punjabi-brahmin,harappa,3,34%,39%,10%,11%,0%,2%,0%,0%,1%,1%,1%,1%,0%,0%,0%,0%
punjabi-jatt-muslim,harappa,5,30%,39%,12%,8%,1%,1%,0%,2%,1%,3%,1%,2%,1%,0%,0%,0%
punjabi-jatt-sikh,harappa,15,28%,39%,10%,12%,0%,1%,0%,1%,1%,1%,2%,2%,0%,0%,0%,0%
punjabi-khatri,harappa,3,29%,38%,15%,10%,0%,1%,0%,1%,2%,2%,0%,2%,0%,0%,0%,0%
punjabi-ramgarhia,harappa,2,34%,42%,8%,9%,0%,2%,1%,0%,0%,1%,2%,1%,0%,0%,0%,0%
pushtikar-brahmin,harappa,1,31%,36%,12%,10%,2%,3%,0%,1%,1%,0%,2%,1%,0%,0%,1%,0%
pygmy,xing,22,0%,0%,0%,0%,0%,0%,0%,0%,0%,0%,0%,0%,0%,0%,100%,0%
qatari,henn2012,156,3%,9%,17%,3%,1%,0%,0%,0%,0%,0%,2%,54%,0%,4%,1%,5%
rajasthani,harappa,4,48%,35%,5%,4%,0%,1%,1%,1%,0%,1%,0%,1%,0%,0%,0%,0%
rajasthani-brahmin,harappa,2,34%,36%,8%,12%,0%,1%,1%,1%,1%,1%,3%,0%,0%,1%,0%,0%
rajasthani-jatt,harappa,2,25%,35%,11%,15%,0%,1%,0%,1%,2%,1%,4%,2%,1%,0%,0%,0%
romanian-a,behar,14,1%,6%,26%,36%,0%,1%,0%,0%,0%,0%,23%,5%,0%,0%,0%,0%
romanian-b,behar,2,22%,13%,26%,14%,1%,0%,0%,1%,0%,0%,14%,7%,0%,0%,0%,0%
russian,behar,2,1%,4%,13%,64%,1%,3%,0%,1%,1%,1%,13%,0%,0%,0%,0%,0%
russian,hgdp,25,1%,7%,6%,64%,0%,7%,0%,0%,1%,1%,12%,1%,0%,0%,0%,0%
saharawi,henn2012,18,0%,0%,0%,0%,0%,0%,0%,0%,0%,0%,39%,35%,0%,13%,0%,12%
sahariya,reich,4,64%,11%,0%,3%,16%,1%,0%,2%,1%,1%,1%,1%,0%,1%,0%,0%
sakilli,chaubey,4,68%,26%,1%,0%,1%,0%,1%,1%,0%,0%,0%,1%,0%,0%,0%,0%
samaritian,behar,2,1%,5%,48%,0%,0%,0%,0%,0%,0%,0%,13%,32%,0%,1%,0%,0%
samoan,xing,13,0%,0%,0%,0%,70%,1%,0%,27%,0%,0%,1%,0%,0%,0%,0%,0%
san,henn2011,31,2%,1%,0%,3%,1%,0%,0%,0%,0%,0%,2%,2%,79%,2%,0%,7%
san,hgdp,6,0%,0%,0%,0%,0%,0%,0%,0%,0%,0%,0%,0%,100%,0%,0%,0%
san-nb,henn2011,12,0%,0%,0%,0%,0%,0%,0%,0%,0%,0%,0%,0%,97%,1%,0%,2%
sandawe,henn2011,23,0%,0%,1%,0%,0%,0%,0%,0%,0%,0%,0%,11%,12%,49%,8%,17%
santhal,chaubey,1,73%,5%,0%,0%,15%,1%,2%,3%,1%,0%,0%,0%,0%,0%,0%,0%
santhal,reich,7,72%,5%,0%,0%,17%,1%,0%,2%,0%,1%,0%,0%,0%,0%,0%,0%
sardinian,hgdp,28,0%,0%,20%,12%,0%,0%,0%,0%,0%,0%,60%,7%,0%,0%,0%,0%
satnami,reich,4,63%,21%,1%,2%,7%,0%,1%,1%,1%,0%,1%,0%,0%,1%,0%,0%
saudi,behar,20,1%,5%,26%,1%,0%,0%,0%,0%,0%,0%,3%,58%,0%,3%,0%,1%
savara,chaubey,2,69%,0%,0%,1%,24%,3%,0%,3%,0%,0%,0%,0%,0%,0%,0%,0%
selkup,rasmussen,10,0%,8%,0%,27%,0%,52%,0%,0%,3%,8%,1%,0%,0%,0%,0%,0%
sephardic-jew,behar,19,1%,7%,36%,9%,0%,0%,0%,0%,0%,0%,26%,18%,0%,1%,0%,0%
serbian,harappa,1,0%,8%,23%,42%,1%,0%,0%,0%,0%,0%,22%,3%,0%,0%,0%,0%
she,hgdp,10,0%,0%,0%,0%,35%,0%,65%,0%,0%,0%,0%,0%,0%,0%,0%,0%
siddi,reich,4,16%,10%,3%,2%,1%,1%,1%,0%,1%,0%,0%,1%,3%,8%,4%,50%
sindhi,harappa,2,27%,41%,14%,9%,0%,2%,1%,1%,1%,1%,0%,3%,0%,0%,0%,0%
sindhi,hgdp,24,29%,46%,10%,6%,0%,1%,0%,0%,1%,1%,2%,3%,0%,0%,0%,1%
singapore-chinese,sgvp,96,0%,0%,0%,0%,36%,0%,63%,0%,0%,0%,0%,0%,0%,0%,0%,0%
singapore-indian-a,sgvp,31,62%,30%,2%,0%,1%,0%,1%,1%,0%,0%,0%,1%,0%,0%,0%,0%
singapore-indian-b,sgvp,41,50%,36%,4%,4%,1%,0%,1%,0%,0%,1%,1%,1%,0%,0%,0%,0%
singapore-indian-c,sgvp,10,34%,41%,9%,10%,1%,0%,1%,0%,1%,1%,1%,1%,0%,0%,0%,0%
singapore-indian-d,sgvp,1,28%,14%,5%,35%,1%,1%,3%,1%,1%,0%,10%,0%,0%,0%,0%,0%
singapore-malay,sgvp,89,11%,1%,1%,0%,72%,3%,6%,4%,0%,0%,0%,0%,0%,0%,0%,0%
singapore-tamil,harappa,1,56%,30%,3%,0%,1%,2%,1%,2%,1%,1%,0%,2%,0%,2%,0%,0%
sinhalese,harappa,4,56%,31%,2%,1%,2%,1%,1%,1%,1%,0%,0%,1%,0%,0%,0%,0%
slovenian,xing,25,1%,6%,15%,51%,0%,0%,0%,0%,0%,0%,23%,3%,0%,0%,0%,0%
somali,harappa,2,0%,0%,3%,0%,0%,0%,0%,0%,0%,0%,2%,32%,2%,60%,0%,0%
somali,pagani,23,0%,0%,3%,0%,0%,0%,0%,0%,0%,0%,3%,29%,0%,63%,0%,0%
somali,reich,6,1%,0%,0%,0%,0%,0%,0%,0%,0%,0%,4%,27%,1%,60%,1%,4%
sotho-tswana,xing,8,0%,1%,0%,0%,0%,0%,0%,0%,0%,0%,0%,0%,26%,4%,4%,64%
sourastrian,harappa,1,53%,32%,5%,5%,2%,2%,0%,1%,1%,0%,1%,0%,0%,0%,0%,0%
south-african-indian,harappa,1,56%,29%,2%,2%,2%,3%,1%,2%,0%,2%,1%,1%,1%,1%,0%,0%
spain-basc,henn2012,20,0%,8%,1%,33%,0%,0%,0%,0%,0%,0%,56%,1%,0%,0%,0%,0%
spaniard,1000genomes,98,1%,6%,10%,31%,0%,0%,0%,0%,0%,0%,45%,5%,0%,1%,0%,0%
spaniard,behar,12,0%,7%,11%,32%,0%,0%,0%,0%,0%,0%,44%,5%,0%,0%,0%,0%
sri-lankan,harappa,2,51%,28%,3%,4%,2%,1%,2%,0%,1%,0%,5%,2%,0%,0%,0%,0%
srivastava,reich,2,51%,32%,3%,8%,1%,1%,0%,0%,1%,0%,1%,0%,0%,0%,0%,0%
stalskoe,xing,5,0%,24%,41%,21%,2%,3%,1%,1%,2%,1%,4%,2%,0%,0%,0%,0%
sudanese,pagani,21,0%,0%,0%,0%,0%,0%,0%,0%,0%,0%,0%,0%,0%,84%,1%,14%
surui,hgdp,6,0%,0%,0%,0%,0%,0%,0%,0%,100%,0%,0%,0%,0%,0%,0%,0%
syrian,behar,16,2%,12%,41%,3%,0%,0%,0%,0%,0%,0%,10%,25%,0%,3%,0%,2%
tajik,harappa,1,6%,19%,16%,15%,0%,12%,20%,1%,2%,3%,3%,1%,1%,0%,0%,0%
tajik,yunusbayev,15,7%,32%,21%,17%,1%,6%,7%,0%,1%,1%,4%,3%,0%,0%,0%,0%
tamil,harappa,3,53%,32%,5%,1%,1%,2%,1%,1%,1%,0%,0%,2%,0%,1%,0%,0%
tamil-nadar,harappa,5,57%,31%,2%,0%,2%,1%,1%,2%,1%,1%,0%,2%,0%,0%,0%,0%
tamil-nadu-scheduled-caste,metspalu,2,59%,32%,3%,0%,2%,0%,1%,1%,0%,0%,0%,2%,0%,0%,0%,0%
tamil-srilankan,harappa,5,58%,33%,3%,0%,1%,0%,2%,2%,0%,0%,1%,1%,0%,0%,0%,0%
tamil-vishwakarma,harappa,2,68%,24%,2%,0%,1%,1%,2%,1%,0%,0%,0%,1%,0%,0%,0%,0%
thai,xing,21,14%,2%,2%,1%,61%,3%,12%,2%,1%,0%,0%,0%,0%,0%,0%,0%
tharu,metspalu,2,54%,34%,3%,4%,1%,0%,1%,0%,1%,1%,1%,0%,0%,0%,0%,0%
tharu,reich,7,58%,23%,4%,3%,5%,1%,1%,1%,0%,1%,1%,0%,0%,0%,0%,0%
tibet,simonson,31,6%,0%,0%,1%,0%,12%,78%,1%,0%,0%,0%,0%,0%,0%,0%,0%
tn-brahmin,xing,14,47%,38%,6%,4%,0%,1%,0%,1%,1%,1%,1%,1%,0%,0%,0%,0%
tn-dalit,xing,12,73%,22%,1%,0%,1%,1%,0%,1%,0%,0%,0%,0%,0%,0%,0%,0%
tongan,xing,13,0%,0%,0%,0%,66%,1%,0%,33%,0%,0%,0%,0%,0%,0%,0%,0%
totonac,xing,23,0%,0%,0%,1%,0%,1%,1%,0%,95%,1%,1%,0%,0%,0%,0%,0%
tu,hgdp,10,3%,1%,2%,2%,7%,9%,72%,1%,1%,0%,0%,0%,0%,0%,0%,0%
tujia,hgdp,10,0%,0%,0%,0%,30%,2%,68%,0%,0%,0%,0%,0%,0%,0%,0%,0%
tunisia,henn2012,18,1%,0%,0%,0%,0%,0%,0%,0%,0%,1%,52%,27%,0%,14%,0%,5%
turk,behar,19,1%,16%,47%,9%,0%,4%,2%,0%,1%,1%,10%,10%,0%,0%,0%,0%
turk-aydin,hodoglugil,20,1%,12%,38%,14%,0%,6%,4%,0%,0%,1%,14%,9%,0%,0%,0%,0%
turk-istanbul,hodoglugil,20,1%,16%,45%,11%,1%,3%,3%,0%,0%,1%,11%,9%,0%,0%,0%,0%
turk-kayseri,hodoglugil,23,1%,15%,45%,8%,1%,4%,2%,0%,0%,1%,11%,10%,0%,0%,0%,0%
turkish,harappa,11,2%,17%,40%,9%,1%,4%,2%,1%,1%,1%,11%,11%,1%,1%,0%,0%
turkmen,yunusbayev,11,5%,26%,30%,10%,1%,7%,8%,0%,1%,1%,4%,7%,0%,0%,0%,0%
tuscan,1000genomes,11,0%,6%,29%,24%,0%,0%,0%,0%,0%,0%,32%,8%,0%,0%,0%,0%
tuscan,hapmap,102,0%,6%,28%,24%,0%,0%,0%,0%,0%,0%,33%,7%,0%,0%,0%,0%
tuscan,hgdp,8,0%,6%,29%,24%,0%,0%,0%,0%,0%,0%,33%,7%,0%,0%,0%,0%
tuvinian,rasmussen,14,1%,4%,2%,6%,0%,50%,30%,1%,1%,4%,1%,0%,0%,0%,0%,0%
tygray,pagani,21,0%,0%,11%,0%,0%,0%,0%,0%,0%,0%,5%,33%,0%,49%,0%,0%
ukranian,yunusbayev,20,1%,6%,12%,58%,0%,1%,0%,0%,0%,0%,17%,2%,0%,0%,0%,0%
up,harappa,4,48%,34%,4%,5%,2%,2%,1%,1%,1%,1%,1%,1%,0%,0%,0%,0%
up-brahmin,harappa,4,39%,37%,7%,11%,0%,1%,0%,1%,0%,1%,2%,0%,0%,0%,0%,0%
up-kshatriya,metspalu,7,45%,37%,4%,8%,1%,1%,0%,0%,1%,0%,2%,0%,0%,0%,0%,0%
up-muslim,harappa,9,34%,33%,11%,8%,2%,2%,1%,1%,1%,1%,2%,2%,0%,0%,0%,0%
up-muslim,metspalu,5,53%,33%,3%,5%,1%,0%,2%,1%,0%,1%,1%,0%,0%,0%,0%,0%
up-scheduled-caste,metspalu,5,58%,31%,1%,4%,1%,1%,1%,0%,0%,1%,2%,1%,0%,0%,0%,0%
urkarah,xing,18,0%,28%,43%,24%,0%,1%,0%,0%,1%,1%,0%,0%,0%,0%,0%,0%
utahn-white,1000genomes,100,0%,10%,5%,51%,0%,0%,0%,0%,0%,0%,32%,1%,0%,0%,0%,0%
utahn-white,hapmap,18,0%,10%,5%,53%,0%,0%,0%,0%,0%,0%,31%,1%,0%,0%,0%,0%
uyghur,hgdp,10,5%,16%,13%,12%,2%,15%,30%,0%,1%,2%,2%,1%,0%,0%,0%,0%
uzbek,behar,15,5%,18%,17%,14%,0%,17%,20%,0%,1%,2%,4%,2%,0%,0%,0%,0%
uzbekistan-jew,behar,2,1%,21%,46%,4%,0%,0%,0%,1%,0%,0%,7%,18%,0%,0%,0%,0%
vaish,reich,4,44%,35%,4%,10%,0%,1%,0%,1%,1%,0%,2%,1%,0%,0%,0%,0%
velama,metspalu,10,56%,37%,3%,0%,1%,0%,0%,1%,0%,0%,0%,1%,0%,0%,0%,0%
velama,reich,3,57%,36%,4%,0%,0%,1%,0%,1%,0%,0%,0%,1%,0%,0%,0%,0%
vietnamese,xing,7,1%,0%,0%,0%,58%,0%,38%,1%,0%,0%,0%,0%,0%,0%,0%,0%
vysya,reich,5,64%,32%,1%,0%,1%,1%,1%,1%,0%,0%,0%,0%,0%,0%,0%,0%
west-greenlander,rasmussen,10,0%,2%,1%,21%,0%,0%,0%,0%,9%,57%,9%,1%,0%,0%,0%,0%
wolayta,pagani,8,0%,0%,5%,0%,0%,0%,0%,0%,0%,0%,3%,25%,2%,63%,0%,0%
xhosa,henn2012,3,0%,0%,1%,0%,0%,0%,0%,0%,0%,0%,0%,0%,26%,9%,3%,61%
xibo,hgdp,9,1%,1%,2%,1%,6%,21%,66%,0%,0%,1%,0%,0%,0%,0%,0%,0%
yakut,hgdp,25,0%,3%,1%,2%,1%,73%,17%,0%,1%,0%,1%,0%,0%,0%,0%,0%
yemen-jew,behar,15,1%,2%,36%,0%,0%,0%,0%,0%,0%,0%,6%,51%,0%,4%,0%,0%
yemenese,behar,8,2%,8%,27%,1%,0%,0%,0%,0%,0%,1%,5%,36%,0%,8%,1%,9%
yi,hgdp,10,4%,0%,0%,0%,16%,6%,73%,1%,0%,0%,0%,0%,0%,0%,0%,0%
yoruba,1000genomes,5,0%,0%,0%,0%,0%,0%,0%,0%,0%,0%,0%,0%,0%,0%,0%,100%
yoruba,hapmap,138,0%,0%,0%,0%,0%,0%,0%,0%,0%,0%,0%,0%,0%,0%,1%,99%
yoruba,hgdp,21,0%,0%,0%,0%,0%,0%,0%,0%,0%,0%,0%,0%,0%,0%,1%,99%
yukaghir,rasmussen,6,0%,2%,3%,15%,0%,54%,8%,0%,0%,12%,5%,0%,0%,0%,0%,0%