Population,Source,N,Gedrosia,Siberian,Northwest_African,Southeast_Asian,Atlantic_Med,North_European,South_Asian,East_African,Southwest_Asian,East_Asian,Caucasus,Sub_Saharan
Abhkasians_Y,Yunusbayev,14,17.2,0.9,0,0.6,0,11.1,0,0,0,0.2,70,0
Adygei,HGDP,16,17.2,2.4,0,0.3,1.9,20.2,0.2,0,0,1.3,56.6,0
Algerian_D,Dodecad,5,0.8,0,34.7,0,21.4,1.4,0.5,6,16,0,11.6,7.5
Altai,Rasmussen,11,9.4,41.3,0,0.3,2.5,11.2,0.4,0,0,33.1,1.8,0
Andalucia_1KG,1000Genomes,4,7.2,0,5.1,0,52.6,18.1,0,0.6,3.2,0.1,12.9,0.3
Aragon_1KG,1000Genomes,6,6.3,0.1,3.4,0,56.1,21.8,0.4,0,3,0,8.8,0
Argyll_1KG,1000Genomes,4,13.1,0,0,0,41.2,45.2,0,0,0,0,0.5,0
Armenian_D,Dodecad,32,16.8,0,0,0,10.3,3,0,0,14,0,55.8,0
Armenians,Behar,18,15.8,0,0,0,9.8,4.5,0.2,0,9.9,0,59.8,0
Armenians_15_Y,Yunusbayev,13,18,0,0,0,8.8,3.4,0.4,0,13.7,0,55.7,0
Ashkenazi_D,Dodecad,19,2.1,0.5,4.7,0,25.9,13,0.9,0.2,13.9,0.5,38.3,0
Ashkenazy_Jews,Behar,17,2.8,0.6,4.2,0,25.1,13.2,1.3,0.4,12.8,0.5,39,0
Assyrian_D,Dodecad,13,18.3,0,0,0,9.6,0.9,0.1,0,18.9,0,52.2,0
ASUR_Ch,Chaubey,2,6.1,0.3,0,17.5,0.4,0,75.7,0,0,0,0,0
ASW30,HapMap3,24,0.9,0.2,0.8,0,6.2,6,0.2,1.7,0,0,0.3,83.6
Azerbaijan_Jews,Behar,8,18.7,0.3,0.4,0.2,9.1,0.8,0.6,0,17.8,0,52.1,0
Baleares_1KG,1000Genomes,6,5.5,0,3.7,0,49.4,22.5,0.2,0,4.4,0,14.2,0.1
Balkars_Y,Yunusbayev,17,15.8,3.9,0,0.1,0.8,19.4,0.1,0,0,3.3,56.6,0
Balochi,HGDP,21,64.5,0.4,0.5,0.9,3.6,2.3,12.1,0,10.3,0,5.5,0
Bantu_N.E.,HGDP,9,0,0,0,0,0,0,0,22.6,0,0,0,77.4
Bantu_S.E._Pedi,HGDP,1,0,0,0,0,0,0,0,12.3,0,0,0,87.7
Bantu_S.E._S.Sotho,HGDP,1,0,0,0,0,0,0,0,10.2,0,0,0,89.8
Bantu_S.E._Tswana,HGDP,2,0,0,0,0,0,0,0,12.5,0,0,0,87.5
Bantu_S.E._Zulu,HGDP,1,0,0,0,0,0,0,0,10.6,0,0,0,89.4
Bantu_S.W._Herero,HGDP,2,0,0,0,0,0,0,0,8.8,0,0,0,91.2
Bantu_S.W._Ovambo,HGDP,1,0,0,0,0,0,0,0,6.4,0,0,0,93.6
Bedouin,HGDP,33,5,0,4.9,0,8.2,0.4,0,5.3,43.3,0,30.8,2.1
Belorussian,Behar,8,0,0.3,0,0,16.1,67.8,0.5,0,1.9,0,13.3,0
Bengali_M,Metspalu,1,31.9,1.7,0,5.4,0,5.4,53.7,0,0,0,1.9,0
Bhunjia_M,Metspalu,1,0,1.8,0,20,0,0,78.2,0,0,0,0,0
Bnei_Menashe_Jews,Behar,4,26.3,0,1.6,0,5.1,1.1,36.7,0,8.2,0.9,20,0.1
BONDA_Ch,Chaubey,4,0,0,0,33.3,0,0,66.7,0,0,0,0,0
Brahmins_from_Tamil_Nadu_M,Metspalu,2,38.5,0.8,0,0.6,1.5,4.6,48.7,0,0.9,0.9,3.4,0
Brahmins_from_Uttar_Pradesh_M,Metspalu,8,36.1,0.5,0,0,1.9,13.4,44.1,0,0,1,3,0
Brahmins_from_Uttaranchal_M,Metspalu,1,27.4,4,0,2.7,0,6,33.4,0,0,23,3.6,0
Brahui,HGDP,23,69.5,0,0.4,1.2,4.5,0.8,11.6,0.1,11.4,0,0.5,0
British_D,Dodecad,11,11.3,0,0,0,43.5,43.6,0,0,0.3,0,1.3,0
British_Isles_D,Dodecad,8,9.5,0,0,0,42.5,45.7,0.1,0,0,0,2.2,0
Bulgarian_D,Dodecad,7,3.3,0.3,0.5,0,23.7,34.8,0.5,0,6.4,0.4,30.1,0
Bulgarians_Y,Yunusbayev,10,1.5,0.9,0.3,0,25,34.9,0.3,0,5.7,0.6,30.7,0
Burmanese_Ch,Chaubey,13,4.2,4.5,0,37.2,0,0,18.7,0,0.1,35.3,0,0
Burusho,HGDP,22,43.2,3.1,0,0.1,0,11.9,24.8,0,0,8.2,8.7,0
Buryat,Rasmussen,11,3.3,49.1,0,0,1.5,2.9,0.5,0,0.4,40.9,1.5,0
C_Italian_D,Dodecad,13,4.8,0,2.3,0,34.8,17.1,0.1,0,8.7,0,32.1,0
Cambodians,HGDP,10,0,1.8,0,82.2,0,0.6,15.2,0,0,0.1,0.1,0
Canarias_1KG,1000Genomes,2,5,0.3,11.8,0.6,46.7,17.6,0.1,2.8,3.7,0,11.2,0.2
Cantabria_1KG,1000Genomes,6,5.7,0.1,3.1,0,54.8,23.5,0.3,0.3,3,0,8.9,0.3
Castilla_La_Mancha_1KG,1000Genomes,6,6.8,0.4,3.5,0,54.3,21.1,0,0.6,4.5,0,8.8,0
Castilla_Y_Leon_1KG,1000Genomes,12,5.4,0,6.1,0,51.2,22.3,0.4,0.6,4,0,10,0
Cataluna_1KG,1000Genomes,8,7.3,0,2.4,0,52.1,25.2,0.3,0,3.5,0,9.2,0
CDX30,1000Genomes,30,0,0,0,81.4,0,0,0,0,0,18.6,0,0
CEU30,1000Genomes,22,10.6,0,0,0,41.4,44.7,0,0,0,0,3.3,0
Chamar_M,Metspalu,10,24.8,0.2,0,0,0.4,1.7,71.2,0,0,1.7,0,0
CHB30,Metspalu,20,0,1,0,31.6,0,0,0,0,0,67.4,0,0
CHD30,Metspalu,23,0,0,0,40.7,0,0,0,0,0,59.3,0,0
Chechens_Y,Yunusbayev,14,21.8,2.6,0,0.7,0,23,0,0,0,0.6,51.3,0
Chenchus_M,Metspalu,4,25.2,0,0.4,0.7,0.1,0.3,67.1,0,0,5,1.3,0
Chinese_D,Dodecad,8,0,0,0,29.8,0,0,0,0,0,70.2,0,0
CHS30,SGVP,27,0,0,0,50.3,0,0,0,0,0,49.7,0,0
Chuvashs,Behar,15,4.5,20,0,0,6.7,52.7,1,0,0.7,4.1,10.2,0
Cochin_Jews,Behar,4,33.1,0.2,0.1,2.5,3.7,1.5,45.4,0,5.9,0.5,7,0
Cornwall_1KG,1000Genomes,28,11.4,0,0,0,43.8,42.8,0,0,0,0,2,0
Cypriots,Behar,11,5.8,0,2.1,0,20.5,4.5,0,0,17.7,0,49.3,0
Dai,HGDP,8,0,0,0,83.3,0,0,0.2,0,0,16.5,0,0
Daur,HGDP,9,0,29.2,0,4.6,0,0,0,0,0,65.9,0.3,0
Dharkars_M,Metspalu,10,34.7,0.6,0,0.2,1.4,5.2,56.7,0,0,0.7,0.4,0
Dhurwa_M,Metspalu,1,0,0,0,21.9,0,0,78.1,0,0,0,0,0
Dolgan,Rasmussen,6,0,75.1,0,0.6,2.3,7.7,0.7,0,0,11.2,2.4,0
Druze,HGDP,32,8.9,0.1,2.9,0,12.5,0.9,0.7,1.1,23.1,0,49.5,0.2
Dusadh_M,Metspalu,6,30.8,0,0,1,0.4,2.3,63.6,0,0.1,1.8,0,0
Dutch_D,Dodecad,8,9.9,0,0,0,39.1,45.6,0,0,0.6,0,4.8,0
Egyptans,Behar,12,2.7,0,10.9,0.3,9,0,0,12.2,29.7,0,30.3,4.8
English_D,Dodecad,10,10.6,0,0,0,41.5,44.5,0,0,0.1,0,3.1,0
Ethiopian_Jews,Behar,11,0,0,10.1,0,0,0,0,57.7,27.1,0,5.1,0
Ethiopians,Behar,17,0,0,10.2,0,0,0,0,55.4,28.5,0,5.1,0.8
Evenk,Rasmussen,12,0,83.9,0,0,0,0,0,0,0,16.1,0,0
Extremadura_1KG,1000Genomes,8,6.9,0,6,0,48.2,22.1,0.3,1,4.3,0,10.7,0.4
FIN30,1000Genomes,24,0.9,7.2,0,0.1,14.1,73.5,0.7,0,2.2,0,1.3,0
Finnish_D,Dodecad,14,0.3,6.7,0,0,13.4,75.5,0.2,0,2.6,0,1.3,0
French,HGDP,27,7.9,0,0.2,0,44.4,36.5,0,0,2.5,0,8.4,0
French_Basque,HGDP,21,9.8,0,0,0,73.1,17.1,0,0,0,0,0,0
French_D,Dodecad,13,8.1,0,0.6,0,43.9,36.9,0.1,0,2.7,0,7.9,0
Gadaba_Ch,Chaubey,1,0,0,0,31,0,0,69,0,0,0,0,0
Galicia_1KG,1000Genomes,8,5.1,0,5,0,48.3,23.4,0.7,0.9,5.4,0,11.1,0.2
Garo_Ch,Chaubey,4,0,4.7,0,36.2,0,0,20.8,0,0,38.1,0.2,0
Georgia_Jews,Behar,4,16.9,0,0.7,0.4,7.4,3.6,0,0,18.8,0,52.1,0
Georgians,Behar,16,16.9,0.1,0,0,0,9,0,0,0,0,73.9,0
German_D,Dodecad,18,7.3,0,0,0,33,48.2,0,0,1.7,0,9.8,0
GIH30,Dodecad,25,39.3,0,0,0,0,3.1,54.7,0,0.4,0.5,1.9,0
Gond_M,Metspalu,4,16.1,0.6,0,9.7,0.1,1.3,71.9,0,0,0.4,0,0
Greek_D,Dodecad,15,3.3,0.3,0.6,0,28,20.2,0.1,0,10.1,0,37.4,0
Hakkipikki_M,Metspalu,4,21.6,0.1,0,0.8,0.1,0.1,73.9,0,1.1,1.9,0.3,0
Han,HGDP,29,0,0,0,44.8,0,0,0,0,0,55.2,0,0
Hazara,HGDP,16,20.5,17.3,0,2.5,2.6,9.2,6.5,0,2.3,29.5,9.5,0
Hezhen,HGDP,7,0,24.2,0,8.7,0,0,0,0,0,67.1,0,0
Ho_Ch,Chaubey,5,0,0.9,0,24.6,0,0,74.5,0,0,0,0,0
Hungarians,Behar,19,4.1,0.7,0,0,27,48.4,0.3,0,3,0.3,16.2,0
Indian_D,Dodecad,25,39.3,0.3,0,0,1.1,4.8,49.3,0,0.7,1.4,3,0
INS30,SGVP,22,36.9,0.3,0,0.3,0,3.3,56,0,1,1,1.2,0
Iranian_D,Dodecad,8,28.8,2.1,0,0.6,5.6,6,3.6,0.1,12.4,0.5,40.3,0
Iranian_Jews,Behar,4,18.8,0.4,1.8,0.4,6.8,0,0,0,22.5,0,49.3,0
Iranians,Behar,19,30.9,1,0.9,0.3,5.9,4.2,4.2,0.9,14.2,0.3,36.7,0.5
Iraq_Jews,Behar,10,16.8,0,1.6,0.1,8.9,0,0.1,0,24.7,0,47.8,0
Irish_D,Dodecad,14,11.9,0,0,0,42.7,45.1,0,0,0,0,0.2,0
Iyengar_D,Dodecad,5,38.7,1,0,0,0,6.4,52,0,1.2,0,0.7,0
Iyer_D,Dodecad,6,39.3,0,0,0,2.9,4.5,50.4,0,1.3,1.1,0.6,0
Japanese,HGDP,24,0,0,0,0.3,0,0,0,0,0,99.7,0,0
Japanese_D,Dodecad,5,0,0,0,0,0,0,0,0,0,100,0,0
Jatt_D,Dodecad,5,45.6,0.7,0,0.2,3.1,14.4,30.1,0,0.8,0,5,0
Jordanians,Behar,20,9.6,0,5.5,0,10.8,0.9,0.2,4.9,27.9,0.1,38,2.1
JPT30,Behar,28,0,0,0,0,0,0,0,0,0,100,0,0
Juang_Ch,Chaubey,2,0,0.1,0,33,0,0,66.9,0,0,0,0,0
Kanjars_M,Metspalu,7,34.5,0,0,0.1,0,6.2,57.6,0,0,1.6,0,0
Kent_1KG,1000Genomes,36,10.5,0,0,0,41.9,43.9,0,0,0.2,0,3.6,0
Ket,Rasmussen,2,5.9,66.1,0,1.1,0,23.6,0.3,0,0,3,0,0
Kharia_Ch,Chaubey,2,0.3,0.1,0,27.2,0,0.3,72.1,0,0,0,0,0
Khasi_Ch,Chaubey,3,4.6,4.2,0,37.2,0,2.6,32.5,0,0,18.8,0,0
KHV30,1000Genomes,22,0,0,0,73.5,0,0,2.3,0,0,24.2,0,0
Kol_M,Metspalu,15,28.8,0.1,0,0.6,0,2.6,66.8,0,0,0.9,0.2,0
Korean_D,Dodecad,6,0,2.6,0,10.7,0,0,0,0,0,86.7,0,0
Kshatriya_M,Metspalu,7,37.6,1.1,0,0.4,1.4,9.4,47.9,0,0,0,2.2,0
Kumyks_Y,Yunusbayev,13,20,3.9,0,0.5,3.1,18.8,0.4,0,3.3,3.7,46.3,0
Kurd_D,Dodecad,9,28.7,1.5,0.9,0.4,5.9,5.7,1.1,0.4,14,1,40.4,0
Kurds_Y,Yunusbayev,6,28.2,0.6,0,0.6,6.3,6.7,0.8,0.1,14.3,0.2,42.2,0
Kurmi_M,Metspalu,1,34.1,0,0,0,0,4.2,56.2,0,0,2.4,3.1,0
Kurumba_M,Metspalu,4,33.2,0.4,0,0.1,0,0,64.1,0,0.5,0.6,1.1,0
Lahu,HGDP,7,0,2.9,0,74.5,0,0,2.9,0,0,19.7,0,0
Lambadi_M,Metspalu,1,32.1,0,0,3.3,0,4.7,54.3,0,0,0.6,4.9,0
Lebanese,Behar,7,10.8,0.2,4.7,0.6,11.8,3.7,0,2.4,23.5,0,41.3,1
Lezgins,Behar,16,27.8,1.7,0,0,0.3,23.8,0,0,0.8,0,45.6,0
Lithuanian_D,Dodecad,9,0,0,0,0,13.9,73.7,0.7,0,1.6,0,10.1,0
Lithuanians,Behar,9,0,0,0,0,13.7,77.1,0.1,0,1,0,8,0
LWK30,Behar,22,0,0,0,0,0,0,0,24.3,0,0,0,75.7
Makrani,HGDP,22,61.2,0.2,0.7,0.5,3.3,1,10.4,1,11.3,0,6.8,3.7
MALAYAN,Behar,2,9.4,1.6,0,3.9,0.2,0.7,80.9,0.3,0.3,2.1,0.7,0
Mandenka,HGDP,18,0,0,2.7,0,0,0,0,0,0,0,0,97.3
MAS30,SGVP,24,0.1,2,0,81.2,0,0.3,13.7,0,0,2.2,0.6,0
Mawasi_Ch,Chaubey,1,1.8,0.8,0,21.8,0,0.3,73.9,0,0,0,1.4,0
Meena_M,Metspalu,1,43.4,0.6,0,0.9,2.9,6.9,43.5,0,0.6,0,1.2,0
Meghawal_M,Metspalu,1,36,1.3,0.9,0.2,1,2.8,55.6,0,0.7,0,1.5,0
Miaozu,HGDP,8,0,0,0,50.5,0,0,0,0,0,49.5,0,0
Mixed_Germanic_D,Dodecad,7,10.7,0,0,0,38.4,44.1,0,0,0.5,0,6.3,0
Mixed_Slav_D,Dodecad,12,0.9,1.5,0,0.1,16.6,64.4,0.7,0,2.2,0.4,13.3,0
MKK30,Dodecad,23,0,0,3.7,0,0,0,0,62.9,6.1,0,0,27.3
Mongol,Rasmussen,8,5.9,36.1,0,0.5,3.1,5.5,0.5,0,0,44.6,3.8,0
Mongola,HGDP,10,1.9,16,0,13.9,0.1,1.8,0,0,0,65.2,1.1,0
Mordovians_Y,Yunusbayev,13,4,5.9,0,0.7,10.9,63.8,0.9,0,0.6,0.9,12.3,0
Moroccan_D,Dodecad,5,0,0,44.4,0,23.8,1,0.3,5.7,13.4,0,6.7,4.6
Moroccans,Behar,10,0,0,44.7,0,19.5,0,0.1,6.5,15.3,0,5.7,8.3
Morocco_Jews,Behar,15,5.4,0,9.5,0,27.3,4.3,0.5,1.1,17,0,34,0.8
Mozabite,HGDP,28,0,0,98.5,0,1,0,0,0,0,0,0,0.5
Murcia_1KG,1000Genomes,8,5.5,0,6,0,50.6,19.6,0,0.2,5.9,0.6,11.2,0.4
Muslim_M,Metspalu,5,33.7,0,0,0,0,5.6,57.2,0,0,2.5,1,0
N_Italian_D,Dodecad,5,5.7,0,0.9,0,41.2,23.7,0.2,0,5.6,0,22.8,0
Naga_M,Metspalu,4,0,5.7,0,17.8,0,0,3.6,0,0,72.8,0,0
Naxi,HGDP,7,0,4.8,0,28.1,0,0,2.9,0,0,64.2,0,0
Nganassan,Rasmussen,10,0,100,0,0,0,0,0,0,0,0,0,0
Nihali_M,Metspalu,2,10.4,2,0,10.2,1.2,0.4,75.6,0,0,0.3,0,0
Nogais_Y,Yunusbayev,14,12.9,11.4,0,0.5,4.5,21.3,0.7,0,0.1,11.5,37.3,0
North_Italian,HGDP,11,4.5,0,0.7,0,44,22,0,0,5.8,0,22.9,0
North_Kannadi,Behar,7,20.1,0.5,0,0,0,0.2,76.2,0,0,0.9,2,0
North_Ossetians_Y,Yunusbayev,12,16.5,3.9,0,0.2,0,19.2,0,0,0,3.5,56.7,0
Norwegian_D,Dodecad,10,8.2,1,0,0,36,54.7,0,0,0,0,0.1,0
O_Italian_D,Dodecad,5,6.2,0,1.1,0,33.5,21.8,0,0.2,7.8,0,28.5,0.8
Orcadian,HGDP,13,12,0,0,0,42.4,45.6,0,0,0,0,0,0
Orkney_1KG,1000Genomes,21,11.8,0,0,0,41.8,46.4,0,0,0,0,0,0
Oroqen,HGDP,8,0,44.2,0,3.5,0,0,0,0,0,52.3,0,0
Pais_Vasco_1KG,1000Genomes,7,9.1,0,0,0,67.3,22.4,0,0,1.2,0,0,0
Palestinian,HGDP,31,6.8,0,5.4,0.1,10.9,0.3,0.6,5.2,30.4,0,38.2,2
PANIYA,Behar,4,0,2.7,0,62.4,0,0.2,23.8,0.5,0,8.8,0,1.6
Pathan,HGDP,22,44.5,2,0,0.2,1.1,13.2,23.6,0,2.6,0.5,12.4,0
Piramalai_Kallars_M,Metspalu,8,31.3,0,0,0,0,0,66.6,0,0.7,1.1,0.3,0
Polish_D,Dodecad,18,0.5,0.1,0,0,20.9,63.3,0.9,0,2.3,0,12.1,0
Portuguese_D,Dodecad,9,6,0,7.7,0,47.5,22.3,0.9,0.1,5,0,9.7,0.7
Pulliyar_M,Metspalu,4,0.5,1.3,0,0.9,0,0,86.8,0,0,2.8,7.8,0
Romanians,Behar,16,3,0.3,0,0,24.6,36,1.5,0,5.9,0.3,28.4,0
Russian,HGDP,20,2,7.3,0,0.1,12.1,65.4,1.1,0,2,0.8,9.2,0
Russian_B,Behar,2,0.2,2.7,0.1,0.4,13.1,66.5,0.8,0,0.6,1.2,14.3,0
Russian_D,Dodecad,17,1.8,3,0,0,14.1,66.4,0.4,0,1.4,1.1,11.7,0
S_Italian_Sicilian_D,Dodecad,10,5.5,0.1,2.5,0,29.9,11.8,0.5,0.7,12.5,0,36.5,0
SAKILLI,Behar,4,26.2,0,0,1.2,0,0,71.2,0,0.4,1,0,0
Samaritians,Behar,2,3.7,0.1,4.5,0.1,10.6,0,0,0.2,32.1,0,48.8,0
Sandawe_He,Henn,19,0.1,0,0,0,1,0,0,67.7,0.5,0,1.7,29
Santhal_Ch,Chaubey,1,3.1,0,0,16.6,0,0,78.3,0,0,2.1,0,0
Sardinian,HGDP,24,0,0,2.6,0,70.5,0,0.1,0,5.8,0,20.9,0
Saudis,Behar,20,3.6,0,1.4,0,2.6,0.9,0.3,2.6,67.7,0,20.5,0.3
Savara_Ch,Chaubey,2,0,1.3,0,25.5,0,0,73.2,0,0,0,0,0
Selkup,Rasmussen,9,6.9,62.8,0,0.9,0,27.6,0.1,0,0,1.7,0,0
Sephardic_Jews,Behar,19,5.7,0.2,6.2,0,26.5,6.1,0.4,0.7,16.2,0,38.1,0
She,HGDP,9,0,0,0,48.4,0,0,0,0,0,51.6,0,0
Sicilian_D,Dodecad,15,4.5,0,4.1,0,30,11.9,0.1,0.7,11.9,0,36.5,0.2
Sindhi,HGDP,22,50.9,0.3,0,0,2.5,6,31.4,0,3.4,0.7,4.8,0
Somali_D,Dodecad,8,0,0,9.8,0,0,0,0,69.9,20.3,0,0,0
Spaniards,Behar,10,6.5,0,3,0,53,23,0,0,3.6,0,10.8,0.1
Spanish_D,Dodecad,20,6.2,0,5.1,0,52.5,22.7,0.2,0,4,0,8.8,0.4
Swedish_D,Dodecad,11,7.7,0.6,0,0,32.9,56.8,0,0,0.8,0,1.2,0
Syrians,Behar,15,11.4,0.2,1.5,0,11.6,2.7,1.3,2.9,27.9,0,38.6,1.8
Tajiks_Y,Yunusbayev,15,33.9,6.4,0,0.9,4.2,18.6,7.3,0,3.1,7.7,18,0
Tamil_Nadu_Scheduled_Caste_M,Metspalu,2,33.3,0,0,1.4,0,0,61.6,0,2,0.2,1.4,0
Tharus_M,Metspalu,2,32.2,0.3,0,1.6,0.4,5,56.3,0,0,1,3.3,0
TSI30,Metspalu,21,5,0,0.8,0,38.7,19.3,0.1,0,7.3,0,28.6,0
Tu,HGDP,8,3,8.1,0,17.6,0.4,1.1,1.9,0,0,66.4,1.4,0
Tujia,HGDP,10,0,0,0,41.8,0,0,0,0,0,58.2,0,0
Turkish_D,Dodecad,27,13.4,3.1,0,0,13.2,9.6,1,0,10.3,3,46.4,0
Turkmens_Y,Yunusbayev,11,28,6.6,0,1.7,4.7,10.3,5.4,0,6.8,7.7,28.7,0
Turks,Behar,19,15.5,3.6,0.4,0,10.5,9,0.9,0,10.8,3.1,46.3,0
Tuscan,HGDP,7,4.8,0,0,0,37.9,18.7,0.5,0,7.2,0.5,30.5,0
Tuva,Rasmussen,13,4.4,51.3,0,0.5,0.5,6.7,0.1,0,0,34.7,1.7,0
Ukranians_Y,Yunusbayev,18,0.3,0.8,0,0,16.3,62.1,0.9,0,3,0.2,16.4,0
Uttar_Pradesh_Scheduled_Caste_M,Metspalu,4,31.9,0,0,0.5,0.4,3.2,62.5,0,0,1.5,0,0
Uygur,HGDP,10,17.1,13.3,0,4.8,1.3,13.7,4.9,0,1.6,31.7,11.6,0
Uzbekistan_Jews,Behar,2,20.3,0.6,0.9,0.6,7.7,4.4,1.3,0.3,18.5,0,45.4,0
Uzbeks,Behar,15,17.5,16.8,0,0.8,3.4,16,5,0,2.3,23.3,15,0
Valencia_1KG,1000Genomes,10,6.8,0,3,0,55.4,22.2,0,0,2.4,0,9.9,0.2
Velamas_M,Metspalu,8,38.2,0,0,0.3,0,0,58.7,0,0.5,0.7,1.6,0
Xibo,HGDP,8,0.8,17.7,0,11,0.2,0.5,0,0,0.1,68.6,1,0
Yakut,HGDP,21,1,76.7,0,0.9,1,0,0.1,0,0,19.8,0.5,0
Yemen_Jews,Behar,14,0.2,0,3.1,0,4.2,0,0,4.7,53.8,0,33.9,0
Yemenese,Behar,8,5.9,0.7,3.3,0.5,3.7,1.1,2.4,9.4,36.6,0,27.7,8.8
Yizu,HGDP,9,0,4.3,0,28.2,0,0,3,0,0,64.4,0,0
Yoruba,HGDP,20,0,0,0,0,0,0,0,0,0,0,0,100
YRI30,HGDP,21,0,0,0,0,0,0,0,0,0,0,0,100
Yukagir,Rasmussen,5,0,79.6,0,0,2.6,1.5,0,0,0,16.4,0,0