,West Asian,East Med,West Med,South Asian,Red Sea,Baltic,North Atlantic,Siberian,Amerindian,East Asian,Oceanian,Northeast African,Sub-Saharan
Abhkasian,54.31,22.78,9.81,1.91,1.84,4.62,1.64,1.11,0.17,1.48,0.33,0.01,0.01
Adygei,47.21,16.97,7.88,2.79,1.95,12.14,6.38,2.58,0.80,1.08,0.13,0.05,0.03
Afghan_Pashtun,40.20,7.01,0.26,25.38,0.97,10.18,8.26,3.82,1.30,1.49,0.47,0.07,0.59
Afghan_Tadjik,34.16,9.07,2.43,18.67,1.03,8.27,5.44,10.83,1.54,7.39,0.27,0.28,0.62
Afghan_Turkmen,22.29,7.92,3.08,8.31,0.41,12.65,7.16,24.77,1.32,10.56,0.69,0.23,0.63
Afghan_Hazara,23.61,5.37,0.59,13.56,0.96,7.11,7.36,20.94,2.12,17.57,0.35,0.12,0.31
Algerian,0.11,28.26,22.38,0.08,15.84,0.51,10.96,0.08,0.20,0.39,0.23,10.44,10.51
Altaian,8.32,0.14,0.55,2.94,0.23,9.58,4.25,48.62,3.21,21.39,0.51,0.01,0.25
Armenian,38.88,34.79,13.02,3.41,5.23,0.85,2.79,0.03,0.05,0.43,0.44,0.04,0.05
Ashkenazi,10.29,34.61,18.44,1.04,5.98,10.16,15.32,0.97,0.46,0.79,0.29,1.15,0.50
Assyrian,32.63,39.64,11.50,3.76,7.78,1.84,1.41,0.20,0.19,0.71,0.15,0.19,0.02
Austrian,7.79,10.88,13.31,1.11,1.13,30.75,33.84,0.60,0.12,0.05,0.23,0.12,0.07
Austroasiatic_Ho,0.00,0.00,0.01,69.42,0.00,0.00,0.00,0.18,0.08,24.77,4.28,0.68,0.58
Azeri_Jewish,33.85,37.36,9.38,4.37,8.42,0.93,3.97,0.16,0.36,0.46,0.18,0.29,0.25
Balkar,45.36,14.67,9.30,1.99,0.77,10.90,6.59,5.53,0.83,3.35,0.50,0.06,0.17
Balochi,53.44,5.02,0.24,29.58,3.15,3.55,2.96,0.17,0.63,0.00,0.04,0.32,0.90
Bangladeshi,18.87,0.54,0.93,58.20,0.25,4.43,2.38,2.54,0.76,8.99,1.71,0.02,0.40
Bantu_N.E.,0.15,0.57,0.06,0.08,0.90,0.12,0.05,0.07,0.46,0.43,0.08,25.46,71.57
Bantu_S.E.,0.14,0.06,0.02,0.16,0.09,0.05,0.06,0.19,0.06,0.20,0.20,14.77,84.01
Bantu_S.W.,0.07,0.10,0.08,0.08,0.13,0.06,0.07,0.22,0.07,0.07,0.33,13.01,85.69
Bedouin,14.43,38.16,11.06,1.85,21.40,1.19,1.25,0.69,0.27,0.25,0.21,6.33,2.91
Belorussian,3.87,4.98,7.59,0.97,1.44,49.40,29.37,1.32,0.18,0.18,0.38,0.20,0.13
Biaka_Pygmy,0.00,0.00,0.00,0.01,0.00,0.01,0.00,0.05,0.01,0.02,0.35,21.06,78.49
Brahmin_UP,23.86,0.12,0.41,55.38,0.07,8.07,7.52,0.74,1.88,0.65,0.85,0.23,0.23
Brahui,53.84,5.71,0.06,29.92,3.18,2.28,1.52,0.51,0.64,0.06,0.28,0.80,1.20
Bulgarian,11.91,20.12,17.91,0.11,1.95,24.06,21.75,0.43,0.57,0.52,0.41,0.11,0.16
Burusho,37.09,0.22,0.01,36.76,0.04,8.83,2.50,6.21,2.26,5.04,0.33,0.24,0.47
Buryat,5.10,1.22,1.11,0.74,0.73,3.04,0.47,58.82,1.44,26.85,0.26,0.21,0.01
Cambodian,0.33,0.16,0.49,14.67,0.40,1.82,0.08,0.84,0.30,76.89,3.19,0.49,0.33
Chamar,11.50,0.59,1.27,77.02,0.71,1.72,0.45,1.69,1.23,1.75,1.44,0.51,0.11
Chechen,46.45,13.11,4.48,3.47,1.36,15.25,10.14,1.73,1.32,1.34,1.05,0.18,0.12
Chenchu,12.87,1.46,1.51,71.15,0.37,0.34,0.75,1.84,0.81,6.32,1.92,0.32,0.35
Chukchi,0.05,0.00,0.00,1.28,0.00,3.65,0.02,60.79,24.71,8.84,0.65,0.00,0.00
Chuvash,8.74,1.29,2.02,2.28,0.85,43.07,14.88,20.08,2.77,2.66,0.44,0.55,0.36
Cyprian,20.34,41.08,19.86,0.50,8.12,2.81,5.67,0.23,0.00,0.07,0.47,0.30,0.54
Dai,0.16,0.01,0.03,4.19,0.01,1.07,0.03,1.69,0.55,90.45,1.41,0.10,0.28
Danish,4.88,3.32,11.29,1.93,0.49,24.89,51.25,0.42,0.58,0.42,0.15,0.30,0.06
Dharkar,19.67,0.57,1.94,65.78,0.03,4.01,1.85,1.80,0.84,1.74,0.82,0.72,0.23
Dolgan,0.78,0.14,0.63,1.92,0.06,7.84,1.57,75.34,1.38,9.23,0.43,0.59,0.11
Dusadh,17.44,0.98,1.23,71.66,0.98,0.80,0.22,0.45,0.67,3.04,1.65,0.25,0.63
Dutch,5.70,3.20,12.91,0.96,0.94,26.55,48.35,0.05,0.66,0.11,0.23,0.12,0.23
East_Finnish,1.63,0.22,4.49,1.48,0.82,49.54,30.71,8.59,0.71,0.70,0.69,0.05,0.37
East_Greenlander,0.11,0.00,0.00,2.00,0.01,3.27,0.02,44.32,42.38,7.51,0.30,0.01,0.07
Egyptian,7.86,39.57,11.72,0.09,18.84,0.09,3.00,0.30,0.10,0.14,0.23,11.83,6.24
Erzya,7.60,2.62,6.40,1.78,0.32,50.51,21.08,7.11,1.50,0.49,0.00,0.25,0.33
Estonian,2.45,0.57,6.76,0.95,0.09,50.58,32.93,3.51,1.35,0.05,0.61,0.04,0.09
Ethiopian_Amhara,0.04,21.14,0.77,0.03,26.79,0.01,0.07,0.02,0.17,0.14,0.21,47.07,3.55
Ethiopian_Anuak,0.00,0.00,0.00,0.03,0.00,0.00,0.00,0.02,0.02,0.03,0.02,61.65,38.23
Ethiopian_Ari_cultivator,1.97,2.23,0.32,1.41,9.70,0.14,0.43,0.53,0.20,0.23,0.37,74.12,8.35
Ethiopian_Gumuz,0.01,0.00,0.00,0.78,0.01,0.00,0.00,0.30,0.10,0.51,0.41,72.20,25.69
Ethiopian_Oromo,0.05,14.96,1.16,0.02,21.12,0.00,0.04,0.00,0.05,0.73,0.10,54.94,6.82
Ethiopian_Tigray,0.02,22.70,2.17,0.00,26.62,0.01,0.09,0.01,0.00,0.00,0.26,45.95,2.16
Ethiopian_Wolayta,0.08,13.09,0.43,0.07,19.47,0.01,0.60,0.30,0.19,0.49,0.16,59.32,5.79
Evenki,0.52,0.20,0.37,0.44,0.12,4.32,0.26,79.19,1.34,11.82,1.21,0.11,0.11
Evens,0.48,0.37,0.90,0.37,0.38,3.03,0.14,80.94,2.43,10.18,0.61,0.18,0.01
Finnish,2.21,0.65,4.43,0.53,0.42,47.69,34.17,6.48,0.90,0.96,0.81,0.50,0.26
French,4.96,10.33,19.50,1.08,2.82,17.49,42.60,0.27,0.38,0.15,0.23,0.07,0.12
French_Basque,0.35,3.07,35.86,0.32,0.31,6.10,52.62,0.06,0.08,0.65,0.30,0.22,0.04
Georgian,52.15,21.85,10.13,1.80,3.22,5.52,3.72,0.37,0.42,0.65,0.12,0.03,0.03
Georgian_Jewish,36.22,36.59,10.91,2.98,8.26,3.28,0.77,0.09,0.26,0.37,0.16,0.11,0.00
German,7.11,5.81,12.86,0.88,0.59,26.04,45.34,0.22,0.39,0.05,0.19,0.37,0.17
Greek,15.56,27.94,21.34,0.87,3.84,12.53,17.09,0.08,0.07,0.22,0.07,0.32,0.04
Gujarati,27.49,0.40,0.04,58.04,0.18,6.43,4.22,1.25,0.37,0.65,0.49,0.11,0.33
Hadza,0.97,0.14,0.01,2.66,1.32,0.32,0.41,0.25,0.12,0.05,0.55,61.84,31.36
Hakas,9.81,0.02,0.23,3.33,0.06,16.30,3.88,44.91,3.88,17.07,0.15,0.14,0.21
Hazara,21.92,3.70,1.46,12.59,0.76,8.47,3.20,24.42,1.87,20.87,0.40,0.21,0.13
Hezhen,0.59,0.10,0.16,0.36,0.33,0.01,0.13,41.24,1.43,55.22,0.38,0.02,0.03
Hungarian,7.55,10.41,12.85,0.83,1.21,31.85,32.55,1.11,0.97,0.21,0.14,0.29,0.02
Iranian,38.20,29.70,4.23,10.56,7.48,4.23,2.07,1.34,0.28,0.04,0.24,0.17,1.47
Irish,6.32,1.41,12.39,1.09,0.82,24.02,52.23,0.03,0.99,0.09,0.33,0.18,0.10
Japanese,0.00,0.02,0.01,0.22,0.01,0.00,0.01,31.72,0.83,65.93,0.62,0.32,0.30
Jordanian,18.25,40.75,10.94,1.48,14.70,0.69,2.45,0.16,0.61,0.40,0.50,6.96,2.12
Kalash,43.42,0.69,0.00,34.83,0.00,11.37,5.72,1.28,1.85,0.03,0.22,0.09,0.49
Kanjar,19.37,0.25,0.51,67.27,0.05,5.26,2.02,0.77,0.83,1.77,1.14,0.47,0.29
Kargopol_Russian,5.54,1.50,7.52,2.49,0.04,48.36,24.92,6.67,1.70,0.23,0.23,0.53,0.26
Karitiana,0.00,0.00,0.00,0.01,0.00,0.01,0.00,0.02,99.62,0.32,0.00,0.01,0.01
Kazakh,12.28,0.99,1.47,3.34,0.86,11.87,7.42,36.11,2.22,22.47,0.91,0.05,0.03
Ket,2.96,0.00,0.00,3.98,0.00,22.06,2.00,57.56,7.77,3.40,0.28,0.00,0.00
Kirgiz,12.69,2.05,1.15,4.21,0.34,7.94,5.81,37.77,2.56,24.46,0.91,0.04,0.08
Kol,16.00,0.57,1.81,71.04,0.03,2.90,2.16,0.85,1.10,2.16,0.70,0.44,0.25
Koryak,0.24,0.00,0.00,0.93,0.00,3.90,0.02,66.39,17.42,10.91,0.16,0.00,0.02
Kshatriya,24.46,0.76,0.27,58.75,0.10,6.62,4.22,1.19,1.40,0.71,0.81,0.43,0.28
Kumyk,41.61,18.23,6.78,3.84,2.19,12.43,7.40,3.07,1.39,2.21,0.46,0.15,0.21
Kurdish,40.33,29.77,6.20,8.07,5.69,3.55,3.67,1.01,0.49,0.36,0.28,0.52,0.07
Kurumba,20.26,0.77,0.42,70.73,0.60,0.05,0.92,1.69,0.28,1.53,1.63,0.71,0.40
Lahu,0.05,0.16,0.26,4.49,0.16,0.48,0.27,9.62,0.88,81.47,1.46,0.51,0.17
Lebanese_Christian,20.76,47.26,15.36,0.77,12.40,0.19,1.47,0.19,0.01,0.59,0.17,0.83,0.01
Lebanese_Druze,21.22,48.65,10.62,1.61,9.37,1.19,5.04,0.53,0.01,0.45,0.42,0.58,0.30
Lebanese_Muslim,23.11,39.73,13.95,2.44,10.79,1.30,4.62,0.07,0.01,0.19,0.62,2.22,0.95
Lezgin,47.07,15.17,1.70,4.19,1.06,15.66,11.19,1.51,1.04,0.77,0.40,0.13,0.11
Lithuanian,3.91,1.48,7.17,1.34,0.76,53.89,28.87,0.82,0.77,0.06,0.41,0.29,0.22
Luhya,0.15,0.08,0.06,0.15,0.70,0.09,0.19,0.04,0.02,0.25,0.28,25.17,72.81
Maasai,0.14,2.81,0.62,0.02,11.37,0.09,0.23,0.05,0.05,0.05,0.45,53.33,30.78
Makrani,49.64,10.69,0.43,27.96,3.86,1.53,1.03,0.11,0.37,0.00,0.40,1.33,2.66
Malay,0.15,0.05,0.07,16.44,0.02,2.99,0.17,0.08,0.57,73.60,5.15,0.34,0.36
Mandenka,0.05,0.63,0.39,0.14,1.58,0.16,0.27,0.17,0.08,0.12,0.21,7.23,88.99
Mari,6.31,0.63,1.21,4.35,0.45,42.21,13.18,26.26,3.33,0.87,0.38,0.15,0.67
Mayan,0.10,0.18,5.07,0.09,0.17,0.40,1.71,2.53,86.31,1.09,0.26,0.32,1.78
Mbuti_Pygmy,0.00,0.00,0.00,0.00,0.00,0.00,0.00,0.00,0.01,0.01,0.14,33.21,66.64
Miaozu,0.21,0.05,0.05,0.76,0.07,0.08,0.26,14.62,0.38,82.50,0.80,0.19,0.04
Mongolian,7.15,1.42,1.13,1.22,0.54,4.38,2.93,48.10,1.67,30.75,0.58,0.05,0.08
Moroccan,0.01,25.50,25.34,0.00,17.75,0.16,9.39,0.03,0.04,0.69,0.18,12.01,8.89
Mozabite_Berber,0.02,26.45,24.17,0.01,15.66,0.16,10.30,0.09,0.01,0.45,0.08,10.48,12.13
NAN_Melanesian,0.06,0.11,0.04,6.53,0.25,0.32,0.06,0.73,0.20,22.18,68.72,0.35,0.45
Naxi,0.09,0.03,0.07,3.30,0.06,0.15,0.13,25.37,0.10,69.43,0.87,0.13,0.27
Nogay,31.32,10.06,6.43,2.77,0.46,13.23,9.25,15.03,1.24,9.16,0.51,0.34,0.21
North_Amerindian,0.01,0.00,0.00,1.03,0.01,1.64,0.00,21.97,73.72,1.61,0.02,0.00,0.00
North_Italian,6.90,19.58,25.76,0.56,2.78,11.93,31.68,0.13,0.05,0.34,0.21,0.04,0.03
North_Kannadi,15.05,0.64,0.35,72.33,0.05,4.26,0.28,1.82,0.61,2.12,1.48,0.40,0.61
North_Ossetian,48.78,14.62,7.27,1.74,1.38,11.93,6.39,4.59,0.62,2.27,0.30,0.06,0.05
North_Swedish,3.16,1.31,7.35,0.85,0.79,36.30,44.52,3.17,0.70,0.77,0.88,0.17,0.03
Norwegian,4.94,0.99,10.18,1.38,0.11,29.61,49.79,1.11,1.00,0.04,0.57,0.15,0.12
Orcadian,4.97,2.50,12.68,1.00,0.31,24.44,51.33,1.05,0.81,0.23,0.39,0.08,0.20
Oroqen,0.03,0.03,0.14,0.27,0.00,0.75,0.01,69.99,1.28,27.38,0.10,0.01,0.00
Palestinian,16.62,43.55,10.74,1.56,16.13,0.23,3.85,0.14,0.45,0.42,0.03,4.89,1.37
Papuan,0.02,0.02,0.02,2.35,0.07,0.02,0.03,0.49,0.22,1.77,94.58,0.20,0.20
Pathan,37.28,4.70,0.23,39.03,0.50,10.13,3.25,2.24,1.74,0.27,0.17,0.09,0.39
Pima,0.24,0.25,0.94,0.73,0.14,1.32,0.69,5.18,89.13,0.99,0.23,0.02,0.14
Piramalai,17.16,1.06,0.06,75.15,0.76,0.10,0.17,0.50,0.71,1.66,1.82,0.66,0.20
Polish,6.56,6.22,11.08,1.02,0.35,42.03,30.66,0.97,0.07,0.45,0.25,0.12,0.22
Portuguese,2.43,13.90,25.32,0.42,3.63,11.51,38.54,0.25,0.44,0.14,0.67,1.72,1.04
Punjabi_Jat,35.03,0.74,0.07,43.05,0.59,10.46,7.52,0.41,1.30,0.07,0.33,0.07,0.38
Romanian,11.28,18.04,17.09,0.55,2.14,24.49,24.37,0.83,0.60,0.27,0.18,0.09,0.06
Russian,6.40,4.25,10.74,1.23,0.22,47.07,25.61,2.74,0.31,0.56,0.42,0.11,0.34
Sakilli,12.79,0.43,0.98,76.82,1.37,0.02,0.07,0.21,0.05,3.51,2.40,0.79,0.56
Samaritan,18.39,45.52,16.45,0.98,13.82,0.36,1.69,0.10,0.00,0.08,0.26,2.35,0.00
San,0.63,0.11,0.02,0.07,0.19,0.03,0.09,0.02,0.03,0.01,0.68,39.70,58.43
Sandawe,0.04,7.61,0.73,0.15,5.09,0.06,0.15,0.10,0.02,0.28,0.49,48.50,36.79
Sardinian,0.05,21.49,51.87,0.00,1.97,1.59,22.36,0.06,0.00,0.00,0.37,0.17,0.07
Saudi,10.01,42.83,5.91,1.72,34.19,0.18,0.17,0.09,0.11,0.34,0.19,4.08,0.17
Selkup,3.81,0.00,0.00,2.68,0.00,25.06,1.71,59.31,6.05,0.95,0.40,0.00,0.02
Sephardic_Jewish,13.04,36.91,19.83,0.61,8.90,1.81,15.63,0.78,0.00,0.38,0.33,1.12,0.65
Serbian,9.37,15.63,15.84,0.33,2.50,27.32,27.10,0.75,0.03,0.57,0.38,0.11,0.06
She,0.15,0.05,0.08,0.30,0.23,0.16,0.14,14.06,0.08,84.56,0.03,0.07,0.10
Shors,10.03,0.03,0.01,4.38,0.02,17.04,6.43,42.52,5.70,13.37,0.17,0.04,0.25
Sindhi,39.57,3.85,0.06,45.20,0.51,3.82,3.30,0.58,1.41,0.17,0.43,0.48,0.62
Somali,0.00,11.03,1.40,0.00,24.66,0.00,0.01,0.13,0.07,0.08,0.04,56.35,6.23
South_Italian,14.44,31.89,21.80,0.50,6.61,4.52,17.55,0.00,0.01,0.35,0.35,1.56,0.42
Southeast_English,4.46,5.09,13.98,1.08,0.09,23.27,50.52,0.06,0.62,0.04,0.62,0.12,0.04
Southwest_English,4.92,2.70,15.10,0.88,0.95,22.10,51.98,0.05,0.15,0.12,0.59,0.28,0.16
Southwest_Finnish,1.93,1.34,6.96,0.69,0.49,43.46,38.50,4.96,1.10,0.10,0.25,0.14,0.08
Southwest_French,1.36,8.85,30.54,0.33,1.65,13.57,42.35,0.62,0.64,0.05,0.01,0.02,0.00
Spanish_Andalucia,3.83,14.11,29.07,0.60,1.95,8.19,39.07,0.63,0.02,0.29,0.40,1.28,0.57
Spanish_Aragon,1.32,12.05,29.79,0.40,2.37,8.27,43.83,0.50,0.32,0.25,0.39,0.46,0.04
Spanish_Cantabria,1.75,10.20,29.27,0.45,2.37,11.49,41.80,0.13,0.49,0.03,0.47,0.80,0.75
Spanish_Castilla_La_Mancha,2.72,12.42,28.52,0.47,2.88,9.37,41.09,0.21,0.31,0.22,0.08,1.42,0.29
Spanish_Castilla_Y_Leon,1.86,12.82,26.09,0.04,3.49,11.13,40.76,0.05,0.28,0.51,0.18,2.01,0.78
Spanish_Cataluna,3.08,13.09,25.78,0.69,1.51,12.13,41.36,0.06,0.06,0.59,0.43,0.45,0.77
Spanish_Extremadura,3.32,13.73,26.84,0.65,4.26,9.67,38.27,0.00,0.62,0.00,0.20,1.23,1.22
Spanish_Galicia,1.97,11.93,26.23,1.49,4.55,12.18,38.51,0.22,0.14,0.36,0.00,1.26,1.16
Spanish_Murcia,2.21,14.57,26.12,0.21,2.92,9.33,40.15,0.67,0.60,0.88,0.11,1.44,0.78
Spanish_Valencia,1.90,14.85,27.71,0.88,1.32,10.58,40.54,0.04,0.41,0.29,0.50,0.31,0.65
Sudanese,0.00,0.00,0.00,0.01,0.00,0.00,0.00,0.00,0.00,0.00,0.00,57.81,42.16
Swedish,5.20,1.35,9.25,0.72,0.51,31.09,48.53,0.83,0.68,0.38,0.71,0.21,0.55
Syrian,21.61,37.82,13.31,3.44,13.75,0.83,3.40,0.19,0.24,0.23,0.48,2.93,1.77
Tadjik,35.25,7.16,1.29,17.84,1.38,10.43,10.93,9.04,1.48,4.62,0.05,0.23,0.31
Tibeto-Burman_Burmese,0.70,0.54,1.02,18.39,0.31,0.81,0.32,13.69,0.79,60.72,1.64,0.24,0.84
Tu,2.57,0.61,0.67,1.92,0.33,0.56,0.74,29.03,0.81,61.90,0.53,0.08,0.26
Tujia,0.07,0.09,0.20,0.23,0.03,0.06,0.08,17.07,0.15,81.06,0.54,0.22,0.21
Turkish,30.83,28.97,12.01,4.05,5.46,4.32,7.12,3.63,0.28,2.41,0.56,0.34,0.01
Turkmen,32.73,19.76,2.52,11.21,1.31,5.91,7.21,10.08,1.88,6.87,0.32,0.08,0.11
Tuscan,8.83,24.59,23.79,0.24,4.29,10.01,27.18,0.29,0.00,0.01,0.50,0.17,0.09
Tuvinian,4.02,0.24,0.57,1.60,0.55,7.30,2.35,56.58,2.50,23.23,0.71,0.05,0.29
Ukrainian,6.12,5.68,12.05,1.09,0.16,43.57,27.77,1.41,0.78,0.91,0.28,0.11,0.07
Ukrainian_Northeast,8.78,5.54,7.85,1.10,0.58,47.29,25.78,1.02,0.59,0.71,0.25,0.16,0.34
Ukrainian_West,7.10,5.29,11.96,1.20,1.79,41.85,27.35,1.36,0.82,0.39,0.75,0.00,0.13
Uttar_Pradesh,15.83,0.42,1.36,69.01,0.72,3.28,2.94,1.41,0.69,2.79,0.98,0.31,0.26
Uygur,18.93,4.66,0.87,10.42,0.18,9.70,7.18,20.48,2.35,24.33,0.42,0.26,0.21
Uzbeki,20.42,6.92,1.72,11.85,1.05,11.98,4.87,23.17,1.39,15.99,0.11,0.35,0.19
Velamas,21.78,2.62,0.13,70.10,0.26,0.19,0.15,0.89,0.31,1.58,1.27,0.38,0.35
Vietnamese,0.14,0.05,0.02,5.11,0.24,1.24,0.05,5.20,0.16,86.45,1.06,0.16,0.12
West_Greenlander,0.80,0.01,0.02,2.80,0.01,12.23,1.90,38.66,37.10,6.23,0.06,0.14,0.04
West_Scottish,5.56,1.72,12.31,1.14,0.88,23.35,53.18,0.47,0.80,0.05,0.34,0.08,0.12
Xibo,1.72,0.85,0.30,0.12,0.14,0.29,0.62,39.46,0.35,55.61,0.26,0.25,0.04
Yakut,1.67,0.21,1.61,1.13,0.56,3.45,0.56,74.18,0.52,15.25,0.67,0.17,0.01
Yemenite_Jewish,6.28,52.36,5.52,0.71,28.49,0.00,0.23,0.23,0.19,0.06,0.25,5.68,0.00
Yizu,0.08,0.01,0.04,3.29,0.10,0.03,0.04,23.74,0.48,70.40,1.45,0.13,0.20
Yoruban,0.20,0.13,0.11,0.07,0.91,0.05,0.05,0.08,0.08,0.11,0.10,2.91,95.19