rsid,gene,title,description
rs4680,COMT,COMT Val158Met,"Вариант в COMT, ферменте катехол-O-метилтрансферазе. Часто обсуждается в контексте обмена дофамина, стресс-реактивности, боли и метилирования; трактовать нужно только как справочную ассоциацию."
rs1801133,MTHFR,MTHFR C677T,"Вариант в MTHFR, связан с активностью фермента фолатного цикла и обменом гомоцистеина. В панели относится к темам фолатов, B12 и метилирования."
rs1801131,MTHFR,MTHFR A1298C,"Вариант в MTHFR, второй частый маркер фолатного цикла. Обычно рассматривается вместе с C677T и контекстом питания/лабораторных показателей."
rs4988235,LCT,Lactase persistence,"Регуляторный вариант рядом с LCT/MCM6, один из главных европейских маркеров сохранения активности лактазы во взрослом возрасте."
rs429358,APOE,APOE epsilon marker,"Один из двух SNP, задающих APOE e2/e3/e4 вместе с rs7412. Используется в исследованиях липидного обмена и риска болезни Альцгеймера; не является самостоятельным диагнозом."
rs7412,APOE,APOE epsilon marker,"Второй SNP для определения APOE e2/e3/e4 вместе с rs429358. Интерпретируется только в паре с ним и с осторожным контекстом."
rs6265,BDNF,BDNF Val66Met,"Вариант в BDNF, связан с регуляцией нейротрофического фактора мозга. Часто встречается в исследованиях памяти, нейропластичности, настроения и стресс-реакции."
rs671,ALDH2,ALDH2 alcohol metabolism,"Вариант в ALDH2, влияющий на активность альдегиддегидрогеназы. Известен по связи с реакцией на алкоголь и накоплением ацетальдегида."
rs1229984,ADH1B,ADH1B alcohol metabolism,"Вариант в ADH1B, ферменте метаболизма алкоголя. Используется в исследованиях скорости превращения этанола в ацетальдегид и связанных поведенческих рисков."
rs9939609,FTO,FTO obesity-associated variant,"Частый вариант в области FTO, один из наиболее известных GWAS-маркеров, связанных с индексом массы тела и пищевым поведением."
rs12913832,HERC2/OCA2,Eye pigmentation marker,"Регуляторный вариант HERC2/OCA2, один из основных маркеров, влияющих на вероятность голубого/карего цвета глаз у европейских популяций."
rs1426654,SLC24A5,Skin pigmentation marker,"Вариант в SLC24A5, сильно связанный с пигментацией кожи в популяционных исследованиях."
rs1805007,MC1R,MC1R red hair marker,"Вариант в MC1R, часто связан с рыжими волосами, светлой кожей и особенностями пигментации."
rs1800497,ANKK1/DRD2,Taq1A dopamine receptor marker,"Маркер рядом с DRD2/ANKK1, часто используется в исследованиях дофаминовой системы, вознаграждения и поведенческих признаков."
rs53576,OXTR,OXTR social-behavior marker,"Вариант в OXTR, рецепторе окситоцина. Встречается в исследованиях социального поведения и стрессовой чувствительности; эффекты зависят от контекста."
rs1042713,ADRB2,ADRB2 Arg16Gly,"Вариант в ADRB2, бета-2-адренорецепторе. Изучается в контексте бронхиальной реактивности, ответа на нагрузки и метаболических признаков."
rs1042714,ADRB2,ADRB2 Gln27Glu,"Вариант в ADRB2, часто рассматривается вместе с rs1042713 в исследованиях ответа на адренергическую регуляцию."
rs1801282,PPARG,PPARG Pro12Ala,"Вариант в PPARG, регуляторе жирового и углеводного обмена. Часто встречается в исследованиях чувствительности к инсулину, диабета 2 типа и диет."
rs1800795,IL6,IL6 promoter variant,"Промоторный вариант IL6, цитокина воспалительного ответа. Используется в исследованиях воспаления, метаболических и сердечно-сосудистых признаков."
rs1800629,TNF,TNF promoter variant,"Промоторный вариант TNF, важного воспалительного цитокина. Встречается в исследованиях аутоиммунных и воспалительных состояний."
rs1801394,MTRR,MTRR A66G,"Вариант в MTRR, связанном с восстановлением метионинсинтазы. Рассматривается в контексте B12, фолатного цикла и метилирования."
rs1805087,MTR,MTR A2756G,"Вариант в MTR, ферменте реметилирования гомоцистеина. Обычно оценивается вместе с MTHFR/MTRR и лабораторным контекстом."
rs602662,FUT2,FUT2 secretor/B12 marker,"Вариант рядом с FUT2, связан с секреторным статусом и в исследованиях часто встречается рядом с темами B12 и микробиома."
rs1815739,ACTN3,ACTN3 R577X,"Вариант в ACTN3, известный спортивно-генетический маркер, связанный с альфа-актинином-3 и мышечными волокнами быстрого типа."
rs4994,ADRB3,ADRB3 Trp64Arg,"Вариант в ADRB3, бета-3-адренорецепторе жировой ткани. Часто встречается в исследованиях энергозатрат, чувствительности к набору веса и ответа на диетические стратегии."
rs2236225,MTHFD1,MTHFD1 G1958A,"Вариант в MTHFD1, ферменте одноуглеродного обмена. В панели логично связан с фолатным циклом, холином, метилированием и потребностью в витаминах группы B."
rs6314,HTR2A,HTR2A His452Tyr,"Кодирующий вариант в HTR2A, рецепторе серотонина 2A. Используется в исследованиях серотониновой передачи, настроения, внимания и реакции на психоактивные вещества."
rs1799883,FABP2,FABP2 Ala54Thr,"Вариант в FABP2, белке связывания жирных кислот в кишечнике. Часто обсуждается в контексте усвоения жиров, инсулинорезистентности и ответа на состав диеты."
rs7946,PEMT,PEMT V175M,"Вариант в PEMT, ферменте синтеза фосфатидилхолина. Встречается в темах холина, метилирования, печени и рационов с разной долей животных продуктов."
rs1051266,SLC19A1,SLC19A1/RFC1 G80A,"Вариант в транспортере восстановленных фолатов SLC19A1. Рассматривается в контексте транспорта фолатов, витамина B9 и одноуглеродного обмена."
rs1006737,CACNA1C,CACNA1C calcium-channel marker,"Вариант в CACNA1C, гене кальциевого канала L-типа. Часто встречается в нейропсихиатрических GWAS и исследованиях кальциевой сигнализации."
rs4880,SOD2,SOD2 Val16Ala,"Вариант в митохондриальной супероксиддисмутазе SOD2. Связан с транспортом фермента в митохондрии и часто используется в темах окислительного стресса."
rs1799983,NOS3,NOS3 Glu298Asp,"Вариант в NOS3/eNOS, эндотелиальной NO-синтазе. Часто рассматривается в исследованиях сосудистого тонуса, артериального давления и сердечно-сосудистых признаков."
rs13266634,SLC30A8,SLC30A8 Arg325Trp,"Кодирующий вариант в SLC30A8, цинковом транспортере бета-клеток поджелудочной железы. Один из известных маркеров исследований диабета 2 типа."
rs1801274,FCGR2A,FCGR2A His131Arg,"Вариант в FCGR2A, рецепторе Fc-фрагмента IgG. Используется в исследованиях иммунного ответа, воспаления и аутоиммунных заболеваний."
rs2187668,HLA-DQA1/HLA-DQB1,HLA celiac-risk tag,"Маркер HLA-DQ2.5-области, часто используемый как tag SNP предрасположенности к целиакии/реакции на глютен. Не заменяет полноценное HLA-типирование."
rs6822844,IL2/IL21,IL2/IL21 autoimmune-region marker,"Вариант в области IL2/IL21. Часто встречается в исследованиях аутоиммунных заболеваний и регуляции T-клеточного иммунного ответа."
rs3184504,SH2B3,SH2B3 Trp262Arg,"Кодирующий вариант в SH2B3/LNK, регуляторе иммунной и кроветворной сигнализации. Известен по ассоциациям с аутоиммунными и сердечно-сосудистыми признаками."
rs231775,CTLA4,CTLA4 Thr17Ala,"Вариант в CTLA4, регуляторе тормозных сигналов T-клеток. Часто встречается в исследованиях аутоиммунности и иммунной толерантности."
rs6313,HTR2A,HTR2A T102C,"Синонимичный вариант в HTR2A, рецепторе серотонина 2A. Широко использовался в исследованиях серотониновой передачи, настроения и поведения."
rs1799913,TPH1,TPH1 A218C,"Вариант в TPH1, ферменте синтеза серотонина. Встречается в исследованиях серотонинового обмена, настроения и поведенческих признаков."
rs6277,DRD2,DRD2 C957T,"Синонимичный вариант в DRD2, дофаминовом рецепторе D2. Используется в исследованиях плотности/регуляции D2-рецепторов, внимания, зависимости и настроения."
rs2283265,DRD2/ANKK1,DRD2 splice/regulatory marker,"Вариант в области DRD2/ANKK1, связанный с регуляцией дофаминового D2-рецептора. Обычно рассматривается вместе с другими DRD2-маркерами."
rs27072,SLC6A3,SLC6A3/DAT1 3' marker,"Вариант в SLC6A3/DAT1, транспортере дофамина. Часто используется в исследованиях дофаминового транспорта, внимания и зависимости."
rs737865,COMT,COMT regulatory marker,"Вариант в области COMT. Рассматривается рядом с другими COMT-маркерами при оценке катехоламинового обмена; сам по себе не описывает активность фермента полностью."
rs5443,GNB3,GNB3 C825T,"Вариант в GNB3, субъединице G-белка. Часто встречается в исследованиях сосудистой регуляции, давления, метаболических и поведенческих признаков."
rs7501331,BCO1,BCO1 R267S,"Кодирующий вариант в BCO1, ферменте превращения бета-каротина в ретиналь. Используется в темах витамина A и эффективности конверсии каротиноидов."
rs12934922,BCO1,BCO1 A379V,"Кодирующий вариант в BCO1, связанный с конверсией бета-каротина в активные формы витамина A. Часто рассматривается вместе с rs7501331."
rs6564851,BCO1,BCO1 beta-carotene marker,"Вариант рядом с BCO1, известный по GWAS уровня бета-каротина. В панели относится к витамину A и каротиноидному обмену."
rs174548,FADS1/FADS2,FADS omega-3/omega-6 marker,"Вариант в кластере FADS1/FADS2, влияющем на метаболизм полиненасыщенных жирных кислот. Встречается в темах омега-3/омега-6 и липидного обмена."
rs601338,FUT2,FUT2 non-secretor marker,"Классический FUT2 non-secretor вариант. Связан с секреторным статусом, составом слизистых антигенов, B12 и микробиомными исследованиями."
rs2075650,TOMM40/APOE,TOMM40/APOE-region marker,"Вариант в области TOMM40 рядом с APOE. Часто встречается в исследованиях деменции и болезни Альцгеймера, но интерпретируется вместе с APOE rs429358/rs7412."
rs2476601,PTPN22,PTPN22 R620W,"Кодирующий вариант в PTPN22, регуляторе сигналов T- и B-клеток. Один из известных маркеров исследований аутоиммунных заболеваний."
rs2104286,IL2RA,IL2RA autoimmune marker,"Вариант в IL2RA/CD25, рецепторе интерлейкина-2. Часто используется в исследованиях T-клеточной регуляции, диабета 1 типа и рассеянного склероза."
rs7574865,STAT4,STAT4 autoimmune marker,"Вариант в STAT4, транскрипционном факторе цитокиновой сигнализации. Часто встречается в исследованиях СКВ, ревматоидного артрита и других аутоиммунных состояний."
rs3087243,CTLA4,CTLA4 immune-regulation marker,"Вариант в области CTLA4, связанный с иммунной регуляцией T-клеток. Используется в исследованиях аутоиммунных заболеваний."
rs3024505,IL10,IL10 autoimmune/inflammation marker,"Вариант рядом с IL10, противовоспалительным цитокином. Часто встречается в исследованиях воспалительных заболеваний кишечника и аутоиммунности."
rs1799963,F2,Prothrombin G20210A,"Вариант в F2/prothrombin, один из классических маркеров наследственной склонности к тромбозам. Требует особенно осторожной интерпретации и клинического контекста."
rs6025,F5,Factor V Leiden,"Классический вариант F5 Leiden, связанный с фактором V свертывания крови. Это справочная генетическая информация, не замена медицинской оценке риска тромбоза."
rs1801260,CLOCK,CLOCK 3111T/C,"Вариант в CLOCK, гене циркадных ритмов. Часто используется в исследованиях сна, хронотипа, пищевого поведения и метаболических признаков."
rs242557,MAPT,MAPT H1/H2-region marker,"Вариант в области MAPT, связанной с гаплотипами tau-гена. Встречается в исследованиях нейродегенеративных заболеваний и когнитивных признаков."
rs6656401,CR1,CR1 Alzheimer-study marker,"Вариант в CR1, компоненте системы комплемента. Известен по исследованиям риска болезни Альцгеймера и иммунных механизмов нейродегенерации."
rs16969968,CHRNA5,CHRNA5 Asp398Asn,"Кодирующий вариант в CHRNA5, субъединице никотинового ацетилхолинового рецептора. Часто используется в исследованиях никотиновой зависимости и курения."
rs1333040,CDKN2B-AS1,9p21 cardiovascular marker,"Вариант в локусе 9p21/CDKN2B-AS1, одном из наиболее известных GWAS-регионов сердечно-сосудистого риска."
rs2383207,CDKN2B-AS1,9p21 cardiovascular marker,"Вариант в 9p21/CDKN2B-AS1 регионе. Часто встречается в исследованиях ишемической болезни сердца и инфаркта миокарда."
rs1333049,CDKN2B-AS1,9p21 cardiovascular marker,"Вариант в 9p21/CDKN2B-AS1 регионе, один из часто цитируемых маркеров сердечно-сосудистых GWAS."
rs12413409,CNNM2/NT5C2,Stroke/GWAS-region marker,"Вариант в регионе CNNM2/NT5C2, встречающийся в GWAS сосудистых и метаболических признаков. Интерпретируется как популяционная ассоциация."
rs2259816,HNF1A,HNF1A cardiometabolic marker,"Вариант в HNF1A, транскрипционном факторе с ролью в обмене глюкозы и воспалительных маркерах. Встречается в кардиометаболических исследованиях."
rs987237,TFAP2B,TFAP2B obesity marker,"Вариант рядом с TFAP2B, используемый в исследованиях ожирения, распределения жировой ткани и ответа на диеты."
rs12785878,DHCR7/NADSYN1,Vitamin D GWAS marker,"Вариант в регионе DHCR7/NADSYN1, один из часто используемых GWAS-маркеров уровня 25(OH)D. В панели относится к витамину D и связанным нутригенетическим темам."
rs4973216,MTHFR/MTRR,Folate/B-vitamin region marker,"Маркер из области генов фолатного и B-витаминного обмена. Используется как справочный SNP панели; интерпретировать лучше вместе с MTHFR, MTR, MTRR и рационом."
rs3760188,PEMT,PEMT promoter-region marker,"Вариант в области PEMT, фермента синтеза фосфатидилхолина. В панели связан с холином, метилированием, печенью и особенностями рационов."
rs12325817,PEMT,PEMT choline marker,"Вариант в области PEMT. Часто рассматривается в нутригенетических темах холина, фосфолипидов и потребности в источниках холина."
rs4646343,PEMT,PEMT choline marker,"Вариант в области PEMT, связанной с эндогенным синтезом фосфатидилхолина. В панели используется как справочный маркер холинового обмена."
rs4654748,NBPF3/ALPL,Vitamin B6 GWAS marker,"Вариант в регионе NBPF3/ALPL, известный по исследованиям уровня витамина B6. Это маркер ассоциации, а не прямой тест дефицита."
rs326124,FUT2,FUT2/B12-region marker,"Вариант в регионе FUT2, часто встречающийся рядом с темами B12, секреторного статуса и микробиома. Интерпретируется вместе с другими FUT2-маркерами."
rs492602,FUT2,FUT2 secretor/B12 marker,"Вариант в FUT2-регионе, связанный с секреторным статусом и исследованиями уровня витамина B12. Не заменяет лабораторную оценку B12."
rs2283873,TCN2,Transcobalamin/B12 marker,"Вариант в регионе TCN2, белка транспорта витамина B12. В панели относится к B12 и метилированию как справочный транспортный маркер."
rs526934,TCN2,Transcobalamin/B12 marker,"Вариант в TCN2-регионе, связанном с переносом кобаламина. Используется в темах B12 вместе с MTR/MTRR/FUT2 и лабораторными данными."
rs10925257,MMACHC/MMADHC,B12 metabolism region marker,"Маркер региона, связанного с внутриклеточным обменом витамина B12. В панели используется как справочный SNP для B12/цинковых и метаболических тем."
rs9923231,VKORC1,VKORC1 -1639G>A,"Промоторный вариант VKORC1, ключевого гена цикла витамина K. Известен по фармакогенетике варфарина и темам свертываемости; клинические решения требуют врача."
rs7294,VKORC1,VKORC1 3' marker,"Вариант в VKORC1, гене эпоксидредуктазы витамина K. Часто рассматривается вместе с rs9923231 в темах витамина K и свертывания крови."
rs2359612,VKORC1,VKORC1 vitamin K cycle marker,"Вариант VKORC1-региона, используемый в исследованиях цикла витамина K и индивидуального ответа на антикоагулянты."
rs9934438,VKORC1,VKORC1 warfarin-response tag,"Маркер VKORC1-региона, часто находящийся в сцеплении с вариантами, влияющими на экспрессию VKORC1. Важен в фармакогенетическом контексте."
rs4072037,MUC1,MUC1 gastric-cancer/GWAS marker,"Вариант в MUC1, гене муцина эпителиальных слизистых. Известен по исследованиям риска рака желудка и особенностей слизистого барьера."
rs964184,ZPR1/APOA5,Triglyceride/lipid marker,"Вариант в регионе ZPR1/APOA5/A4/C3/A1, одном из известных липидных GWAS-локусов. Часто связан с триглицеридами и сердечно-сосудистыми признаками."
rs579459,ABO,ABO blood-group region marker,"Вариант в ABO-регионе. Встречается в исследованиях факторов свертывания, сосудистых признаков и сердечно-сосудистых ассоциаций."
rs174547,FADS1/FADS2,FADS omega-3/omega-6 marker,"Вариант в FADS1/FADS2-кластере, влияющем на превращение жирных кислот. Используется в темах омега-3/омега-6, вегетарианских рационов и липидного обмена."
rs2395182,HLA-DQA1/HLA-DQB1,HLA gluten/celiac tag,"Маркер HLA-DQ-региона, часто используемый как tag SNP в исследованиях целиакии и реакции на глютен. Не заменяет HLA-типирование."
rs9851967,HLA-DQA1/HLA-DQB1,HLA gluten/celiac tag,"Вариант HLA-DQ-региона, встречающийся в панелях по глютену и аутоиммунности. Нужен контекст других HLA-маркеров."
rs4713586,HLA-DQA1/HLA-DQB1,HLA gluten/celiac tag,"Маркер HLA-региона, связанный с исследованиями целиакии/глютеновой чувствительности. Используется как справочный tag SNP."
rs6441961,HLA-DQA1/HLA-DQB1,HLA autoimmune/gluten tag,"Вариант HLA-региона, встречающийся в исследованиях целиакии, диабета 1 типа и аутоиммунных признаков."
rs7775228,HLA-DQA1/HLA-DQB1,HLA autoimmune/gluten tag,"Маркер HLA-DQ-региона. В панели относится к глютену и аутоиммунным темам, но не является самостоятельным диагнозом."
rs2816316,HLA-DQA1/HLA-DQB1,HLA autoimmune/gluten tag,"Вариант в HLA-DQ-регионе, используемый как tag SNP в исследованиях диабета 1 типа и глютен-ассоциированных состояний."
rs1464510,HLA-DQA1/HLA-DQB1,HLA type-1-diabetes tag,"Маркер HLA-региона, часто встречающийся в исследованиях диабета 1 типа. Требует контекста HLA-гаплотипов и других маркеров."
rs1738074,TAGAP,TAGAP autoimmune marker,"Вариант в TAGAP, гене, связанном с T-клеточной активацией. Встречается в исследованиях целиакии, диабета 1 типа и других аутоиммунных признаков."
rs4633,COMT,COMT synonymous marker,"Синонимичный вариант в COMT, часто рассматриваемый вместе с rs4680 и другими COMT-маркерами. Используется в темах катехоламинового обмена и метилирования."
rs1049353,CNR1,Cannabinoid receptor marker,"Вариант в CNR1, гене каннабиноидного рецептора CB1. Встречается в исследованиях эндоканнабиноидной системы, поведения и реакции на каннабиноиды."
rs324420,FAAH,FAAH C385A,"Кодирующий вариант в FAAH, ферменте распада анандамида. Часто обсуждается в контексте эндоканнабиноидной системы, боли, тревожности и реакции на стресс."
rs1800566,NQO1,NQO1 C609T,"Кодирующий вариант в NQO1, ферменте антиоксидантной защиты и детоксикации хинонов. В панели относится к окислительному стрессу и онкологическим исследованиям."
rs2297518,NOS2,NOS2 Ser608Leu,"Вариант в NOS2/iNOS, индуцируемой NO-синтазе. Используется в исследованиях воспаления, окислительного/нитрозативного стресса и сосудистых признаков."
rs1024611,CCL2,CCL2 -2518A>G,"Промоторный вариант CCL2/MCP-1, хемокина воспалительного ответа. Встречается в исследованиях воспаления, атеросклероза и сердечно-сосудистых признаков."
rs7997012,HTR2A,HTR2A antidepressant-response marker,"Вариант в HTR2A, известный по исследованиям серотониновой передачи и ответа на антидепрессанты. Не является прогнозом эффективности терапии сам по себе."
rs6305,HTR2A,HTR2A promoter marker,"Промоторный вариант HTR2A, рецептора серотонина 2A. Используется в исследованиях регуляции серотониновой системы, настроения и поведения."
rs6311,HTR2A,HTR2A promoter marker,"Промоторный вариант HTR2A, часто рассматриваемый вместе с rs6313/T102C. Встречается в исследованиях настроения, ОКР и серотониновой передачи."
rs4570625,TPH2,TPH2 promoter marker,"Промоторный вариант TPH2, фермента синтеза серотонина в нервной системе. Часто используется в исследованиях настроения, стресса и поведения."
rs11568817,SLC6A4,SERT promoter-region marker,"Вариант в регуляторной области SLC6A4, транспортера серотонина. Встречается в исследованиях стрессовой чувствительности и настроения."
rs6296,HTR1B,HTR1B serotonin receptor marker,"Вариант в HTR1B, рецепторе серотонина 1B. Используется в исследованиях импульсивности, зависимости, настроения и серотониновой регуляции."
rs1079597,DRD2/ANKK1,DRD2 Taq1B-region marker,"Вариант в области DRD2/ANKK1, исторически известный как Taq1B-region marker. Используется в исследованиях D2-рецептора, вознаграждения и зависимости."
rs12364283,DRD2,DRD2 promoter marker,"Промоторный вариант DRD2, дофаминового рецептора D2. Встречается в исследованиях экспрессии D2-рецептора, внимания и поведенческих признаков."
rs28363168,SLC6A3,DAT1 VNTR-linked marker,"Маркер в SLC6A3/DAT1-регионе, связанном с транспортером дофамина. Используется в темах внимания, дофаминового транспорта и зависимости."
